-- --------------------------------------------------------
-- Хост:                         127.0.0.1
-- Версия сервера:               5.7.25 - MySQL Community Server (GPL)
-- Операционная система:         Win64
-- HeidiSQL Версия:              10.1.0.5464
-- --------------------------------------------------------

/*!40101 SET @OLD_CHARACTER_SET_CLIENT=@@CHARACTER_SET_CLIENT */;
/*!40101 SET NAMES utf8 */;
/*!50503 SET NAMES utf8mb4 */;
/*!40014 SET @OLD_FOREIGN_KEY_CHECKS=@@FOREIGN_KEY_CHECKS, FOREIGN_KEY_CHECKS=0 */;
/*!40101 SET @OLD_SQL_MODE=@@SQL_MODE, SQL_MODE='NO_AUTO_VALUE_ON_ZERO' */;

-- Дамп структуры для таблица poll_db.actions
DROP TABLE IF EXISTS `actions`;
CREATE TABLE IF NOT EXISTS `actions` (
  `id` int(10) unsigned NOT NULL AUTO_INCREMENT,
  `code` varchar(70) COLLATE utf8mb4_unicode_ci NOT NULL,
  `name` varchar(100) COLLATE utf8mb4_unicode_ci NOT NULL,
  `created_at` timestamp NOT NULL,
  `updated_at` timestamp NOT NULL DEFAULT CURRENT_TIMESTAMP ON UPDATE CURRENT_TIMESTAMP,
  PRIMARY KEY (`id`),
  UNIQUE KEY `actions_code_unique` (`code`)
) ENGINE=InnoDB AUTO_INCREMENT=15 DEFAULT CHARSET=utf8mb4 COLLATE=utf8mb4_unicode_ci;

-- Дамп данных таблицы poll_db.actions: ~14 rows (приблизительно)
DELETE FROM `actions`;
/*!40000 ALTER TABLE `actions` DISABLE KEYS */;
INSERT INTO `actions` (`id`, `code`, `name`, `created_at`, `updated_at`) VALUES
	(1, 'admin', 'Полный доступ', '2020-01-22 18:15:49', '2020-01-22 18:15:49'),
	(2, 'view_renter', 'Просмотр арендаторов', '2020-01-23 09:52:23', '2020-01-23 12:56:21'),
	(3, 'view_refs', 'Просмотр справочников', '2020-01-23 09:56:56', '2020-01-23 09:56:56'),
	(4, 'view_poll', 'Работа с анкетами', '2020-01-23 09:57:50', '2020-01-23 09:57:50'),
	(5, 'view_report', 'Просмотр общих отчетов', '2020-01-23 09:58:38', '2020-01-23 09:58:38'),
	(6, 'view_energy_report', 'Просмотр отчетов по электроэнергии', '2020-01-23 09:59:10', '2020-01-23 09:59:10'),
	(7, 'view_market_report', 'Просмотр отчетов по маркетингу', '2020-01-23 09:59:43', '2020-01-23 09:59:43'),
	(8, 'edit_renter', 'Добавление и редактирование контрагентов', '2020-01-23 10:00:45', '2020-01-23 10:00:45'),
	(9, 'del_renter', 'Удаление контрагентов', '2020-01-23 10:01:06', '2020-01-23 10:01:06'),
	(10, 'work_energy', 'Работа с задачами энергетика', '2020-01-23 10:02:23', '2020-01-23 10:02:23'),
	(11, 'work_guard', 'Работа с задачами охраны', '2020-01-23 10:02:46', '2020-01-23 10:02:46'),
	(12, 'work_market', 'Работа с задачами маркетинга', '2020-01-23 10:03:22', '2020-01-23 10:03:22'),
	(13, 'export', 'Экспорт данных', '2020-01-23 10:04:11', '2020-01-23 10:04:11'),
	(14, 'import', 'Импорт данных', '2020-01-23 10:04:26', '2020-01-23 10:04:26');
/*!40000 ALTER TABLE `actions` ENABLE KEYS */;

-- Дамп структуры для таблица poll_db.action_role
DROP TABLE IF EXISTS `action_role`;
CREATE TABLE IF NOT EXISTS `action_role` (
  `id` int(10) unsigned NOT NULL AUTO_INCREMENT,
  `action_id` int(10) unsigned NOT NULL,
  `role_id` int(10) unsigned NOT NULL,
  `created_at` timestamp NOT NULL,
  `updated_at` timestamp NOT NULL DEFAULT CURRENT_TIMESTAMP ON UPDATE CURRENT_TIMESTAMP,
  PRIMARY KEY (`id`),
  KEY `action_role_action_id_foreign` (`action_id`),
  KEY `action_role_role_id_foreign` (`role_id`),
  CONSTRAINT `action_role_action_id_foreign` FOREIGN KEY (`action_id`) REFERENCES `actions` (`id`),
  CONSTRAINT `action_role_role_id_foreign` FOREIGN KEY (`role_id`) REFERENCES `roles` (`id`)
) ENGINE=InnoDB AUTO_INCREMENT=34 DEFAULT CHARSET=utf8mb4 COLLATE=utf8mb4_unicode_ci;

-- Дамп данных таблицы poll_db.action_role: ~31 rows (приблизительно)
DELETE FROM `action_role`;
/*!40000 ALTER TABLE `action_role` DISABLE KEYS */;
INSERT INTO `action_role` (`id`, `action_id`, `role_id`, `created_at`, `updated_at`) VALUES
	(3, 1, 1, '2020-01-23 12:00:06', '2020-01-23 12:00:06'),
	(4, 2, 2, '2020-01-23 12:00:47', '2020-01-23 12:00:47'),
	(5, 4, 2, '2020-01-23 12:00:47', '2020-01-23 12:00:47'),
	(6, 5, 2, '2020-01-23 12:00:47', '2020-01-23 12:00:47'),
	(7, 6, 2, '2020-01-23 12:00:47', '2020-01-23 12:00:47'),
	(8, 7, 2, '2020-01-23 12:00:47', '2020-01-23 12:00:47'),
	(9, 13, 2, '2020-01-23 12:00:47', '2020-01-23 12:00:47'),
	(10, 2, 3, '2020-01-23 12:02:16', '2020-01-23 12:02:16'),
	(11, 5, 3, '2020-01-23 12:02:16', '2020-01-23 12:02:16'),
	(12, 6, 3, '2020-01-23 12:02:16', '2020-01-23 12:02:16'),
	(13, 7, 3, '2020-01-23 12:02:16', '2020-01-23 12:02:16'),
	(14, 13, 3, '2020-01-23 12:02:16', '2020-01-23 12:02:16'),
	(15, 2, 4, '2020-01-23 12:03:32', '2020-01-23 12:03:32'),
	(16, 11, 4, '2020-01-23 12:03:32', '2020-01-23 12:03:32'),
	(17, 13, 4, '2020-01-23 12:03:32', '2020-01-23 12:03:32'),
	(18, 14, 4, '2020-01-23 12:03:32', '2020-01-23 12:03:32'),
	(19, 2, 5, '2020-01-23 12:04:27', '2020-01-23 12:04:27'),
	(20, 6, 5, '2020-01-23 12:04:27', '2020-01-23 12:04:27'),
	(21, 8, 5, '2020-01-23 12:04:27', '2020-01-23 12:04:27'),
	(22, 10, 5, '2020-01-23 12:04:27', '2020-01-23 12:04:27'),
	(23, 13, 5, '2020-01-23 12:04:27', '2020-01-23 12:04:27'),
	(24, 14, 5, '2020-01-23 12:04:27', '2020-01-23 12:04:27'),
	(25, 2, 6, '2020-01-23 12:05:46', '2020-01-23 12:05:46'),
	(26, 3, 6, '2020-01-23 12:05:46', '2020-01-23 12:05:46'),
	(27, 4, 6, '2020-01-23 12:05:46', '2020-01-23 12:05:46'),
	(28, 5, 6, '2020-01-23 12:05:46', '2020-01-23 12:05:46'),
	(29, 7, 6, '2020-01-23 12:05:46', '2020-01-23 12:05:46'),
	(30, 12, 6, '2020-01-23 12:05:46', '2020-01-23 12:05:46'),
	(31, 13, 6, '2020-01-23 12:05:46', '2020-01-23 12:05:46'),
	(32, 14, 6, '2020-01-23 12:05:46', '2020-01-23 12:05:46'),
	(33, 4, 7, '2020-01-23 12:06:14', '2020-01-23 12:06:14');
/*!40000 ALTER TABLE `action_role` ENABLE KEYS */;

-- Дамп структуры для таблица poll_db.cities
DROP TABLE IF EXISTS `cities`;
CREATE TABLE IF NOT EXISTS `cities` (
  `id` int(10) unsigned NOT NULL AUTO_INCREMENT,
  `name` varchar(50) COLLATE utf8mb4_unicode_ci NOT NULL,
  `created_at` timestamp NOT NULL,
  `updated_at` timestamp NOT NULL DEFAULT CURRENT_TIMESTAMP ON UPDATE CURRENT_TIMESTAMP,
  PRIMARY KEY (`id`)
) ENGINE=InnoDB AUTO_INCREMENT=80 DEFAULT CHARSET=utf8mb4 COLLATE=utf8mb4_unicode_ci;

-- Дамп данных таблицы poll_db.cities: ~79 rows (приблизительно)
DELETE FROM `cities`;
/*!40000 ALTER TABLE `cities` DISABLE KEYS */;
INSERT INTO `cities` (`id`, `name`, `created_at`, `updated_at`) VALUES
	(1, 'Люберцы', '2017-09-27 21:10:30', '2017-09-27 21:10:37'),
	(2, 'Котельники', '2017-09-27 21:10:30', '2017-09-29 20:49:51'),
	(3, 'Дзержинский', '2017-09-27 21:10:30', '2017-09-27 21:10:37'),
	(4, 'Реутов', '2017-09-27 21:10:30', '2017-09-27 21:10:37'),
	(5, 'Бронницы', '2017-09-27 21:10:30', '2017-09-27 21:10:37'),
	(6, 'Верея', '2017-09-27 21:10:30', '2017-09-27 21:10:37'),
	(7, 'Видное', '2017-09-27 21:10:30', '2017-09-27 21:10:37'),
	(8, 'Волоколамск', '2017-09-27 21:10:30', '2017-09-27 21:10:37'),
	(9, 'Воскресенск', '2017-09-27 21:10:30', '2017-09-27 21:10:37'),
	(10, 'Высоковск', '2017-09-27 21:10:30', '2017-09-27 21:10:37'),
	(11, 'Голицыно', '2017-09-27 21:10:30', '2017-09-27 21:10:37'),
	(12, 'Дмитров', '2017-09-27 21:10:30', '2017-09-27 21:10:37'),
	(13, 'Долгопрудный', '2017-09-27 21:10:30', '2017-09-27 21:10:37'),
	(14, 'Домодедово', '2017-09-27 21:10:30', '2017-09-27 21:10:37'),
	(15, 'Дрезна', '2017-09-27 21:10:30', '2017-09-27 21:10:37'),
	(16, 'Дубна', '2017-09-27 21:10:30', '2017-09-27 21:10:37'),
	(17, 'Егорьевск', '2017-09-27 21:10:30', '2017-09-27 21:10:37'),
	(18, 'Железнодорожный', '2017-09-27 21:10:30', '2017-09-27 21:10:37'),
	(19, 'Жуковский', '2017-09-27 21:10:30', '2017-09-27 21:10:37'),
	(20, 'Зарайск', '2017-09-27 21:10:30', '2017-09-27 21:10:37'),
	(21, 'Звенигород', '2017-09-27 21:10:30', '2017-09-27 21:10:37'),
	(22, 'Зеленоград', '2017-09-27 21:10:30', '2017-09-27 21:10:37'),
	(23, 'Ивантеевка', '2017-09-27 21:10:30', '2017-09-27 21:10:37'),
	(24, 'Истра', '2017-09-27 21:10:30', '2017-09-27 21:10:37'),
	(25, 'Кашира', '2017-09-27 21:10:30', '2017-09-27 21:10:37'),
	(26, 'Климовск', '2017-09-27 21:10:30', '2017-09-27 21:10:37'),
	(27, 'Клин', '2017-09-27 21:10:30', '2017-09-27 21:10:37'),
	(28, 'Коломна', '2017-09-27 21:10:30', '2017-09-27 21:10:37'),
	(29, 'Королев', '2017-09-27 21:10:30', '2017-09-27 21:10:37'),
	(30, 'Красноармейск', '2017-09-27 21:10:30', '2017-09-27 21:10:37'),
	(31, 'Красногорск', '2017-09-27 21:10:30', '2017-09-27 21:10:37'),
	(32, 'Краснозаводск', '2017-09-27 21:10:30', '2017-09-27 21:10:37'),
	(33, 'Краснознаменск', '2017-09-27 21:10:30', '2017-09-27 21:10:37'),
	(34, 'Кубинка', '2017-09-27 21:10:30', '2017-09-27 21:10:37'),
	(35, 'Куровское', '2017-09-27 21:10:30', '2017-09-27 21:10:37'),
	(36, 'Ликино-Дулево', '2017-09-27 21:10:30', '2017-09-27 21:10:37'),
	(37, 'Лобня', '2017-09-27 21:10:30', '2017-09-27 21:10:37'),
	(38, 'Лосино-Петровский', '2017-09-27 21:10:30', '2017-09-27 21:10:37'),
	(39, 'Луховицы', '2017-09-27 21:10:30', '2017-09-27 21:10:37'),
	(40, 'Лыткарино', '2017-09-27 21:10:30', '2017-09-27 21:10:37'),
	(41, 'Можайск', '2017-09-27 21:10:30', '2017-09-27 21:10:37'),
	(42, 'Мытищи', '2017-09-27 21:10:30', '2017-09-27 21:10:37'),
	(43, 'Наро-Фоминск', '2017-09-27 21:10:30', '2017-09-27 21:10:37'),
	(44, 'Ногинск', '2017-09-27 21:10:30', '2017-09-27 21:10:37'),
	(45, 'Одинцово', '2017-09-27 21:10:30', '2017-09-27 21:10:37'),
	(46, 'Ожерелье', '2017-09-27 21:10:30', '2017-09-27 21:10:37'),
	(47, 'Озеры', '2017-09-27 21:10:30', '2017-09-27 21:10:37'),
	(48, 'Орехово-Зуево', '2017-09-27 21:10:30', '2017-09-27 21:10:37'),
	(49, 'Павловский Посад', '2017-09-27 21:10:30', '2017-09-27 21:10:37'),
	(50, 'Подольск', '2017-09-27 21:10:30', '2017-09-27 21:10:37'),
	(51, 'Протвино', '2017-09-27 21:10:30', '2017-09-27 21:10:37'),
	(52, 'Пушкино', '2017-09-27 21:10:30', '2017-09-27 21:10:37'),
	(53, 'Пущино', '2017-09-27 21:10:30', '2017-09-27 21:10:37'),
	(54, 'Раменское', '2017-09-27 21:10:30', '2017-09-27 21:10:37'),
	(55, 'Рошаль', '2017-09-27 21:10:30', '2017-09-27 21:10:37'),
	(56, 'Руза', '2017-09-27 21:10:30', '2017-09-27 21:10:37'),
	(57, 'Сергиев Посад', '2017-09-27 21:10:30', '2017-09-27 21:10:37'),
	(58, 'Серпухов', '2017-09-27 21:10:30', '2017-09-27 21:10:37'),
	(59, 'Солнечногорск', '2017-09-27 21:10:30', '2017-09-27 21:10:37'),
	(60, 'Стремилово', '2017-09-27 21:10:30', '2017-09-27 21:10:37'),
	(61, 'Ступино', '2017-09-27 21:10:30', '2017-09-27 21:10:37'),
	(62, 'Сходня', '2017-09-27 21:10:30', '2017-09-27 21:10:37'),
	(63, 'Талдом', '2017-09-27 21:10:30', '2017-09-27 21:10:37'),
	(64, 'Троицк', '2017-09-27 21:10:30', '2017-09-27 21:10:37'),
	(65, 'Фрязино', '2017-09-27 21:10:30', '2017-09-27 21:10:37'),
	(66, 'Химки', '2017-09-27 21:10:30', '2017-09-27 21:10:37'),
	(67, 'Хотьково', '2017-09-27 21:10:30', '2017-09-27 21:10:37'),
	(68, 'Черноголовка', '2017-09-27 21:10:30', '2017-09-27 21:10:37'),
	(69, 'Чехов', '2017-09-27 21:10:30', '2017-09-27 21:10:37'),
	(70, 'Шатура', '2017-09-27 21:10:30', '2017-09-27 21:10:37'),
	(71, 'Щелково', '2017-09-27 21:10:30', '2017-09-27 21:10:37'),
	(72, 'Щербинка', '2017-09-27 21:10:30', '2017-09-27 21:10:37'),
	(73, 'Электрогорск', '2017-09-27 21:10:30', '2017-09-27 21:10:37'),
	(74, 'Электросталь', '2017-09-27 21:10:30', '2017-09-27 21:10:37'),
	(75, 'Электроугли', '2017-09-27 21:10:30', '2017-09-27 21:10:37'),
	(76, 'Юбилейный', '2017-09-27 21:10:30', '2017-09-27 21:10:37'),
	(77, 'Яхрома', '2017-09-27 21:10:30', '2017-09-27 21:10:37'),
	(78, 'Балашиха', '2017-09-27 21:10:30', '2017-09-27 21:10:37'),
	(79, 'Апрелевка', '2017-09-27 21:10:30', '2017-09-27 21:10:37');
/*!40000 ALTER TABLE `cities` ENABLE KEYS */;

-- Дамп структуры для таблица poll_db.costs
DROP TABLE IF EXISTS `costs`;
CREATE TABLE IF NOT EXISTS `costs` (
  `id` int(10) unsigned NOT NULL AUTO_INCREMENT,
  `supplier_id` int(10) unsigned NOT NULL,
  `name` varchar(150) COLLATE utf8mb4_unicode_ci NOT NULL,
  `price` double(8,2) NOT NULL,
  `unitgroup_id` int(10) unsigned NOT NULL,
  `expense_id` int(10) unsigned NOT NULL,
  `created_at` timestamp NOT NULL,
  `updated_at` timestamp NOT NULL DEFAULT CURRENT_TIMESTAMP ON UPDATE CURRENT_TIMESTAMP,
  PRIMARY KEY (`id`),
  KEY `costs_supplier_id_foreign` (`supplier_id`),
  KEY `costs_unitgroup_id_foreign` (`unitgroup_id`),
  KEY `costs_expense_id_foreign` (`expense_id`),
  CONSTRAINT `costs_expense_id_foreign` FOREIGN KEY (`expense_id`) REFERENCES `expenses` (`id`),
  CONSTRAINT `costs_supplier_id_foreign` FOREIGN KEY (`supplier_id`) REFERENCES `suppliers` (`id`),
  CONSTRAINT `costs_unitgroup_id_foreign` FOREIGN KEY (`unitgroup_id`) REFERENCES `unit_groups` (`id`)
) ENGINE=InnoDB AUTO_INCREMENT=112 DEFAULT CHARSET=utf8mb4 COLLATE=utf8mb4_unicode_ci;

-- Дамп данных таблицы poll_db.costs: ~111 rows (приблизительно)
DELETE FROM `costs`;
/*!40000 ALTER TABLE `costs` DISABLE KEYS */;
INSERT INTO `costs` (`id`, `supplier_id`, `name`, `price`, `unitgroup_id`, `expense_id`, `created_at`, `updated_at`) VALUES
	(1, 2, 'IP телефония МАНГО', 30000.00, 1, 1, '2018-04-16 12:34:38', '2019-04-16 12:34:38'),
	(2, 4, 'Услуги ДЦ DEAC', 173531.00, 1, 1, '2018-04-16 13:46:47', '2019-04-16 13:46:47'),
	(3, 5, 'Продление лицензии Битрикс24 на год', 86199.00, 1, 1, '2018-04-16 13:51:05', '2019-04-16 13:51:05'),
	(4, 6, 'Лицензии Office 365', 20400.00, 1, 1, '2018-04-16 13:59:26', '2019-04-16 13:59:26'),
	(5, 1, '1C ИТС подписка на год', 12528.00, 1, 1, '2018-04-16 14:01:16', '2019-04-16 14:01:16'),
	(6, 8, 'Продление домена mirkdt.com', 1940.00, 1, 1, '2018-04-16 14:05:29', '2019-04-16 14:05:29'),
	(7, 9, 'Антивирус Касперского, годовая лицензия', 7680.00, 1, 1, '2018-04-16 14:10:07', '2019-04-16 14:10:07'),
	(8, 1, 'Заправка картриджей и обслуживание оргтехники', 27820.00, 1, 2, '2018-04-16 14:11:20', '2019-04-16 14:11:20'),
	(9, 10, 'Хостинг сайта m-strana.ru', 78300.00, 1, 2, '2018-04-16 14:15:38', '2019-04-16 14:15:38'),
	(10, 5, 'Лицензия 1С Битрикс "Управление сайтом" для m-strana.ru', 11638.00, 1, 2, '2018-04-16 14:19:40', '2019-04-16 14:19:40'),
	(11, 8, 'Продление доменов m-strana.ru и kasis.ru', 1640.00, 1, 2, '2018-04-16 14:21:06', '2019-04-16 14:21:06'),
	(12, 11, 'Интернет на МС', 93000.00, 1, 2, '2018-04-16 14:22:29', '2019-04-16 14:22:29'),
	(13, 12, 'Такском ЛЛГ', 28950.00, 1, 2, '2018-04-16 14:24:52', '2019-04-16 14:24:52'),
	(14, 12, 'Такском КРА', 13980.00, 1, 2, '2018-04-16 14:25:51', '2019-04-16 14:25:51'),
	(15, 13, 'Тензор ЛЛГ', 2150.00, 1, 2, '2018-04-16 14:27:13', '2019-04-16 14:27:13'),
	(16, 14, 'Доработка функционала Битрикс24', 42000.00, 1, 2, '2018-04-16 14:29:17', '2019-04-16 14:29:17'),
	(17, 3, 'Приобретение новой техники', 578000.00, 1, 2, '2018-04-16 14:30:20', '2019-04-16 14:30:20'),
	(18, 12, 'Такском ЛИВ', 28950.00, 2, 3, '2018-04-16 14:31:14', '2019-04-16 14:31:14'),
	(19, 1, 'Заправка картриджей и обслуживание оргтехники', 7800.00, 2, 3, '2018-04-16 14:31:54', '2019-04-16 14:31:54'),
	(20, 16, 'Интернет офис - цоколь Молодогвардейская', 7800.00, 2, 3, '2018-04-16 14:36:42', '2019-04-16 14:36:42'),
	(21, 15, 'Интернет офис - квартира Молодогвардейская', 8160.00, 2, 3, '2018-04-16 14:37:42', '2019-04-16 14:37:42'),
	(22, 11, 'Интернет на МС', 7750.00, 1, 2, '2019-04-17 11:53:13', '2019-04-17 11:53:13'),
	(23, 17, 'Приобретение новой техники', 6050.00, 1, 2, '2019-04-17 11:56:03', '2019-04-17 11:56:03'),
	(24, 11, 'Интернет на МС', 7750.00, 1, 2, '2019-04-17 11:57:14', '2019-04-17 11:57:14'),
	(25, 9, 'Антивирус для ЛИВ и ЛЛГ', 1490.00, 2, 3, '2019-04-17 11:58:48', '2019-04-17 11:58:48'),
	(26, 17, 'Приобретение новой техники', 6460.00, 1, 2, '2019-04-17 12:01:25', '2019-04-17 12:01:25'),
	(27, 18, 'Приобретение новой техники', 49720.00, 1, 2, '2019-04-17 12:03:02', '2019-04-17 12:03:02'),
	(28, 19, 'Приобретение новой техники', 13970.00, 2, 3, '2019-04-17 12:04:29', '2019-04-17 12:04:29'),
	(29, 20, 'Приобретение новой техники', 132350.00, 1, 2, '2019-04-17 12:06:34', '2019-04-17 12:06:34'),
	(30, 11, 'Интернет на МС', 7750.00, 1, 2, '2019-04-17 12:08:47', '2019-04-17 12:08:47'),
	(31, 14, 'Доработка функционала Битрикс24', 2800.00, 1, 2, '2019-04-17 12:10:19', '2019-04-17 12:10:19'),
	(32, 9, 'Антивирус Касперского, годовая лицензия', 8448.00, 1, 1, '2019-04-17 12:11:37', '2019-04-17 12:11:37'),
	(33, 21, 'Доработка функционала 1С', 3000.00, 1, 2, '2019-04-17 12:13:45', '2019-04-17 12:13:45'),
	(34, 1, 'Заправка картриджей и обслуживание оргтехники', 1100.00, 1, 2, '2019-04-17 12:14:55', '2019-04-17 12:14:55'),
	(35, 11, 'Интернет на МС', 7750.00, 1, 2, '2019-04-17 12:16:29', '2019-04-17 12:16:29'),
	(36, 3, 'Приобретение новой техники', 5990.00, 1, 2, '2019-04-17 12:17:55', '2019-04-17 12:17:55'),
	(37, 22, 'Приобретение новой техники', 9352.00, 1, 2, '2019-04-17 12:19:31', '2019-04-17 12:19:31'),
	(38, 8, 'Продление домена m-strana.ru', 890.00, 1, 2, '2019-04-17 12:21:37', '2019-04-17 12:21:37'),
	(39, 2, 'IP телефония МАНГО', 25000.00, 1, 1, '2019-04-17 12:22:56', '2019-04-17 12:22:56'),
	(40, 22, 'Приобретение новой техники', 9270.00, 1, 2, '2019-04-17 12:23:28', '2019-04-17 12:23:28'),
	(41, 3, 'Приобретение новой техники', 5990.00, 1, 2, '2019-04-17 12:26:37', '2019-04-17 12:26:37'),
	(42, 6, 'Лицензии Office 365', 8160.00, 1, 2, '2019-04-17 12:27:44', '2019-04-17 12:27:44'),
	(43, 23, 'Приобретение новой техники', 143000.00, 1, 2, '2019-04-17 12:28:54', '2019-04-17 12:28:54'),
	(44, 23, 'Приобретение новой техники', 175000.00, 1, 2, '2019-04-17 12:29:11', '2019-04-17 12:29:11'),
	(45, 4, 'Услуги ДЦ DEAC', 26131.00, 1, 1, '2019-04-17 12:37:43', '2019-04-17 12:37:43'),
	(46, 8, 'Продление домена kasis.ru', 890.00, 1, 1, '2019-04-17 13:19:39', '2019-04-17 13:19:39'),
	(47, 24, 'Модем GSM МС', 1050.00, 1, 1, '2019-04-17 13:21:18', '2019-04-17 13:21:18'),
	(48, 8, 'Продление DNS kasis.ru', 750.00, 1, 1, '2019-04-17 13:22:52', '2019-04-17 13:22:52'),
	(49, 25, 'Оплата за сервис СМС', 1000.00, 1, 2, '2019-04-17 13:24:12', '2019-04-17 13:24:12'),
	(50, 3, 'Приобретение новой техники', 990.00, 1, 2, '2019-04-17 13:24:50', '2019-04-17 13:24:50'),
	(51, 11, 'Интернет на МС', 8200.00, 1, 2, '2019-05-07 10:08:38', '2019-05-07 10:08:38'),
	(52, 11, 'Подключение дополнительного IP', 1000.00, 1, 2, '2019-05-07 10:09:27', '2019-05-07 10:09:27'),
	(53, 1, 'Заправка картриджей и обслуживание оргтехники', 500.00, 2, 3, '2019-05-14 14:44:12', '2019-05-14 14:44:12'),
	(54, 1, 'Заправка картриджей и обслуживание оргтехники', 1200.00, 1, 2, '2019-05-14 14:44:34', '2019-05-14 14:44:34'),
	(55, 15, 'Интернет офис - квартира Молодогвардейская', 590.00, 2, 3, '2019-05-23 20:49:47', '2019-05-23 20:49:47'),
	(56, 16, 'Интернет офис - квартира Молодогвардейская', 670.00, 2, 3, '2019-05-23 20:50:12', '2019-05-23 20:50:12'),
	(57, 27, 'Лицензия 1С Битрикс "Управление сайтом" для m-strana.ru', 11638.00, 1, 2, '2019-05-24 13:26:13', '2019-05-24 13:26:13'),
	(58, 28, 'Сотовый номер для клиент-банка', 500.00, 1, 2, '2019-05-28 10:30:12', '2019-05-28 10:30:12'),
	(59, 29, 'Приобретение новой техники', 165468.00, 1, 2, '2019-06-05 15:40:45', '2019-06-05 15:40:45'),
	(60, 1, 'Заправка картриджей и обслуживание оргтехники', 5260.00, 1, 2, '2019-06-05 15:42:01', '2019-06-05 15:42:01'),
	(61, 11, 'Интернет на МС', 8200.00, 1, 2, '2019-06-05 15:42:32', '2019-06-05 15:42:32'),
	(62, 15, 'Интернет офис - квартира Молодогвардейская', 570.00, 2, 3, '2019-06-17 15:47:45', '2019-06-17 15:47:45'),
	(63, 16, 'Интернет офис - цоколь Молодогвардейская', 670.00, 2, 3, '2019-06-17 15:48:07', '2019-06-17 15:48:07'),
	(64, 1, 'Заправка картриджей и обслуживание оргтехники', 1100.00, 1, 2, '2019-06-20 11:11:48', '2019-06-20 11:11:48'),
	(65, 24, 'Мобильный интернет для интервьюера МС', 500.00, 1, 2, '2019-06-20 11:13:35', '2019-06-20 11:13:35'),
	(66, 8, 'Сертификат SSL для сайта m-strana.ru', 5670.00, 1, 2, '2019-07-15 13:29:24', '2019-07-15 13:29:24'),
	(67, 15, 'Интернет офис - квартира Молодогвардейская', 534.00, 2, 3, '2019-07-15 14:38:50', '2019-07-15 14:38:50'),
	(68, 16, 'Интернет офис - цоколь Молодогвардейская', 670.00, 2, 3, '2019-07-16 11:48:23', '2019-07-16 11:48:23'),
	(69, 6, 'Лицензии Office 365', 8160.00, 1, 2, '2019-07-16 12:06:35', '2019-07-16 12:06:35'),
	(70, 30, 'Расходные материалы ИТ (кабельная продукция)', 5490.00, 1, 2, '2019-07-26 13:53:11', '2019-07-26 13:53:11'),
	(71, 16, 'Интернет офис - цоколь Молодогвардейская', 670.00, 2, 3, '2019-08-14 14:59:09', '2019-08-14 14:59:09'),
	(72, 15, 'Интернет офис - квартира Молодогвардейская', 550.00, 2, 3, '2019-08-14 15:00:10', '2019-08-14 15:00:10'),
	(73, 11, 'Интернет на МС', 9350.00, 1, 2, '2019-09-02 14:14:59', '2019-09-02 14:14:59'),
	(74, 17, 'Приобретение новой техники', 6390.00, 1, 2, '2019-09-02 14:23:00', '2019-09-02 14:23:00'),
	(75, 17, 'Приобретение новой техники', 7410.00, 2, 3, '2019-09-02 14:23:28', '2019-09-02 14:23:28'),
	(76, 16, 'Интернет офис - цоколь Молодогвардейская', 670.00, 2, 3, '2019-09-16 12:13:36', '2019-09-16 12:13:36'),
	(77, 27, 'Продление SIP-коннектора Битрикс24 на год', 11880.00, 1, 1, '2019-09-18 15:07:09', '2019-09-18 15:07:09'),
	(78, 1, 'Заправка картриджей и обслуживание оргтехники', 600.00, 1, 2, '2019-10-04 13:08:16', '2019-10-04 13:08:16'),
	(79, 8, 'Продление домена и DNS mirkdt.com', 2430.00, 1, 1, '2019-10-04 13:10:55', '2019-10-04 13:10:55'),
	(80, 24, 'Мобильный интернет для интервьюера МС', 400.00, 1, 2, '2019-10-13 07:43:08', '2019-10-13 07:43:08'),
	(81, 15, 'Интернет офис - квартира Молодогвардейская', 590.00, 2, 3, '2019-10-13 07:44:28', '2019-10-13 07:44:28'),
	(82, 16, 'Интернет офис - цоколь Молодогвардейская', 670.00, 2, 3, '2019-10-17 16:51:53', '2019-10-17 16:51:53'),
	(83, 11, 'Интернет на МС', 24800.00, 1, 2, '2019-10-31 17:38:08', '2019-10-31 17:38:08'),
	(84, 1, 'Заправка картриджей и обслуживание оргтехники', 600.00, 1, 2, '2019-10-31 17:39:08', '2019-10-31 17:39:08'),
	(85, 3, 'Приобретение новой техники', 8490.00, 1, 2, '2019-11-05 14:05:50', '2019-11-05 14:05:50'),
	(86, 11, 'Интернет на МС', 9350.00, 1, 2, '2019-11-05 14:06:31', '2019-11-05 14:06:31'),
	(87, 5, 'Лицензия 1С Битрикс24', 30580.00, 1, 1, '2019-11-05 14:09:43', '2019-11-05 14:09:43'),
	(88, 15, 'Интернет офис - квартира Молодогвардейская', 580.00, 2, 3, '2019-11-12 18:46:47', '2019-11-12 18:46:47'),
	(89, 16, 'Интернет офис - цоколь Молодогвардейская', 670.00, 2, 3, '2019-11-12 18:47:09', '2019-11-12 18:47:09'),
	(90, 6, 'Лицензии Office 365', 32529.60, 1, 2, '2019-11-12 18:50:31', '2019-11-12 18:50:31'),
	(91, 3, 'Приобретение новой техники', 8490.00, 1, 2, '2019-11-12 18:51:29', '2019-11-12 18:51:29'),
	(92, 31, 'Оплата бэкапов хостинга сайта m-strana.ru', 17280.00, 1, 2, '2019-12-02 15:19:00', '2019-12-02 15:19:00'),
	(93, 21, 'Продление договора ИТС 1С на год', 14280.00, 1, 2, '2019-12-04 10:50:12', '2019-12-04 10:50:12'),
	(94, 8, 'Продление DNS m-strana.ru', 750.00, 1, 2, '2019-12-04 11:11:45', '2019-12-04 11:11:45'),
	(95, 1, 'Заправка картриджей и обслуживание оргтехники', 1000.00, 2, 3, '2019-12-04 11:22:47', '2019-12-04 11:22:47'),
	(96, 15, 'Интернет офис - квартира Молодогвардейская', 580.00, 2, 3, '2019-12-08 13:30:04', '2019-12-08 13:30:04'),
	(97, 16, 'Интернет офис - цоколь Молодогвардейская', 670.00, 2, 3, '2019-12-08 13:30:32', '2019-12-08 13:30:32'),
	(98, 11, 'Интернет на МС', 9350.00, 1, 2, '2019-12-12 20:11:29', '2019-12-12 20:11:29'),
	(99, 4, 'Услуги ДЦ DEAC', 5911.42, 1, 1, '2019-12-12 20:19:35', '2019-12-12 20:19:35'),
	(100, 32, 'За оказание услуг по обработке фискальных данных по договору № 473298 (отправка чеков по смс)', 3000.00, 1, 2, '2019-12-17 15:30:59', '2019-12-17 15:30:59'),
	(101, 31, 'Хостинг сайта m-strana.ru', 132300.00, 1, 2, '2019-12-17 15:32:35', '2019-12-17 15:32:35'),
	(102, 33, 'Приобретение новой техники', 14540.00, 1, 2, '2019-12-17 15:35:37', '2019-12-17 15:35:37'),
	(103, 28, 'Модем GSM МС', 750.00, 1, 1, '2019-12-28 12:07:57', '2019-12-28 12:07:57'),
	(104, 15, 'Интернет офис - квартира Молодогвардейская', 600.00, 2, 3, '2020-01-03 12:08:02', '2020-01-03 12:08:02'),
	(105, 16, 'Интернет офис - цоколь Молодогвардейская', 670.00, 2, 3, '2020-01-03 12:28:36', '2020-01-03 12:28:36'),
	(106, 4, 'Услуги ДЦ DEAC', 5306.00, 1, 1, '2020-01-03 12:38:33', '2020-01-03 12:38:33'),
	(107, 1, 'Заправка картриджей и обслуживание оргтехники', 1600.00, 1, 1, '2020-01-16 10:06:27', '2020-01-16 10:06:27'),
	(108, 34, 'ПО для бэкапов 1С', 2900.00, 1, 2, '2020-01-16 10:08:32', '2020-01-16 10:08:32'),
	(109, 8, 'Продление домена kasis.ru', 1940.00, 1, 1, '2020-01-21 20:49:14', '2020-01-21 20:49:14'),
	(110, 11, 'Интернет на МС', 9350.00, 1, 2, '2020-01-25 09:25:40', '2020-01-25 09:25:40'),
	(111, 9, 'Годовая лицензия KAV для ЛИВ_ЛЛГ', 1350.00, 2, 3, '2020-01-25 09:27:49', '2020-01-26 14:03:05');
/*!40000 ALTER TABLE `costs` ENABLE KEYS */;

-- Дамп структуры для таблица poll_db.describers
DROP TABLE IF EXISTS `describers`;
CREATE TABLE IF NOT EXISTS `describers` (
  `id` int(10) unsigned NOT NULL AUTO_INCREMENT,
  `email` varchar(50) COLLATE utf8mb4_unicode_ci NOT NULL DEFAULT '',
  `status` tinyint(4) NOT NULL DEFAULT '0',
  `created_at` timestamp NOT NULL,
  `updated_at` timestamp NOT NULL DEFAULT CURRENT_TIMESTAMP ON UPDATE CURRENT_TIMESTAMP,
  PRIMARY KEY (`id`)
) ENGINE=InnoDB AUTO_INCREMENT=5 DEFAULT CHARSET=utf8mb4 COLLATE=utf8mb4_unicode_ci;

-- Дамп данных таблицы poll_db.describers: ~4 rows (приблизительно)
DELETE FROM `describers`;
/*!40000 ALTER TABLE `describers` DISABLE KEYS */;
INSERT INTO `describers` (`id`, `email`, `status`, `created_at`, `updated_at`) VALUES
	(1, 'rogatnev@m-strana.ru', 1, '2020-01-25 13:12:55', '2020-01-25 13:12:55'),
	(2, 'shmeleva@m-strana.ru', 1, '2020-01-25 13:16:21', '2020-01-25 13:16:21'),
	(3, 'borisenko@m-strana.ru', 1, '2020-01-25 13:16:33', '2020-01-25 13:30:44'),
	(4, 'stadler@m-strana.ru', 1, '2020-01-25 13:16:51', '2020-01-25 13:30:46');
/*!40000 ALTER TABLE `describers` ENABLE KEYS */;

-- Дамп структуры для таблица poll_db.divisions
DROP TABLE IF EXISTS `divisions`;
CREATE TABLE IF NOT EXISTS `divisions` (
  `id` int(10) unsigned NOT NULL AUTO_INCREMENT,
  `name` varchar(50) COLLATE utf8mb4_unicode_ci NOT NULL,
  `created_at` timestamp NOT NULL,
  `updated_at` timestamp NOT NULL DEFAULT CURRENT_TIMESTAMP ON UPDATE CURRENT_TIMESTAMP,
  PRIMARY KEY (`id`)
) ENGINE=InnoDB AUTO_INCREMENT=6 DEFAULT CHARSET=utf8mb4 COLLATE=utf8mb4_unicode_ci;

-- Дамп данных таблицы poll_db.divisions: ~0 rows (приблизительно)
DELETE FROM `divisions`;
/*!40000 ALTER TABLE `divisions` DISABLE KEYS */;
INSERT INTO `divisions` (`id`, `name`, `created_at`, `updated_at`) VALUES
	(1, 'ИП Коняхин Р.А.', '2020-01-27 12:28:06', '2020-01-27 12:29:04'),
	(2, 'ИП Борисенко А.В.', '2020-01-27 12:28:21', '2020-01-27 12:28:21'),
	(3, 'ИП Леньшин И.В.', '2020-01-27 12:28:32', '2020-01-27 12:28:32'),
	(4, 'ИП Леньшина Л.Г.', '2020-01-27 12:28:43', '2020-01-27 12:28:43');
/*!40000 ALTER TABLE `divisions` ENABLE KEYS */;

-- Дамп структуры для таблица poll_db.ecounters
DROP TABLE IF EXISTS `ecounters`;
CREATE TABLE IF NOT EXISTS `ecounters` (
  `id` int(10) unsigned NOT NULL AUTO_INCREMENT,
  `name` varchar(50) COLLATE utf8mb4_unicode_ci NOT NULL DEFAULT '',
  `text` varchar(100) COLLATE utf8mb4_unicode_ci DEFAULT '',
  `koeff` double(8,2) NOT NULL,
  `tarif` double(8,2) NOT NULL DEFAULT '3.70',
  `created_at` timestamp NOT NULL,
  `updated_at` timestamp NOT NULL DEFAULT CURRENT_TIMESTAMP ON UPDATE CURRENT_TIMESTAMP,
  PRIMARY KEY (`id`)
) ENGINE=InnoDB AUTO_INCREMENT=4 DEFAULT CHARSET=utf8mb4 COLLATE=utf8mb4_unicode_ci;

-- Дамп данных таблицы poll_db.ecounters: ~3 rows (приблизительно)
DELETE FROM `ecounters`;
/*!40000 ALTER TABLE `ecounters` DISABLE KEYS */;
INSERT INTO `ecounters` (`id`, `name`, `text`, `koeff`, `tarif`, `created_at`, `updated_at`) VALUES
	(1, 'Главный', 'счетчик на 69 ПС', 7200.00, 4.10, '2020-01-25 10:05:49', '2020-01-25 11:11:12'),
	(2, 'Общий на СК', 'Общий счетчик на СК', 200.00, 4.10, '2020-01-25 10:09:09', '2020-01-25 10:09:09'),
	(3, 'Общий на МС', 'ГРЩ на МС', 200.00, 4.10, '2020-01-25 10:10:05', '2020-01-25 10:10:05');
/*!40000 ALTER TABLE `ecounters` ENABLE KEYS */;

-- Дамп структуры для таблица poll_db.eventlogs
DROP TABLE IF EXISTS `eventlogs`;
CREATE TABLE IF NOT EXISTS `eventlogs` (
  `id` int(10) unsigned NOT NULL AUTO_INCREMENT,
  `type` varchar(7) COLLATE utf8mb4_unicode_ci NOT NULL,
  `user_id` int(10) unsigned NOT NULL,
  `text` text COLLATE utf8mb4_unicode_ci NOT NULL,
  `ip` varchar(15) COLLATE utf8mb4_unicode_ci DEFAULT NULL,
  `created_at` timestamp NOT NULL,
  `updated_at` timestamp NOT NULL DEFAULT CURRENT_TIMESTAMP ON UPDATE CURRENT_TIMESTAMP,
  PRIMARY KEY (`id`),
  KEY `eventlogs_user_id_foreign` (`user_id`),
  CONSTRAINT `eventlogs_user_id_foreign` FOREIGN KEY (`user_id`) REFERENCES `users` (`id`)
) ENGINE=InnoDB AUTO_INCREMENT=183 DEFAULT CHARSET=utf8mb4 COLLATE=utf8mb4_unicode_ci;

-- Дамп данных таблицы poll_db.eventlogs: ~173 rows (приблизительно)
DELETE FROM `eventlogs`;
/*!40000 ALTER TABLE `eventlogs` DISABLE KEYS */;
INSERT INTO `eventlogs` (`id`, `type`, `user_id`, `text`, `ip`, `created_at`, `updated_at`) VALUES
	(1, 'logon', 1, 'Пользователь вошел в систему 2020-01-20 18:01:56', '127.0.0.1', '2020-01-20 18:01:56', '2020-01-20 18:01:56'),
	(2, 'logoff', 1, 'Пользователь вышел из системы 2020-01-20 18:11:49', NULL, '2020-01-20 18:11:49', '2020-01-20 18:11:49'),
	(3, 'logon', 1, 'Пользователь вошел в систему 2020-01-20 18:11:53', '127.0.0.1', '2020-01-20 18:11:53', '2020-01-20 18:11:53'),
	(4, 'logoff', 1, 'Пользователь вышел из системы 2020-01-20 18:13:39', NULL, '2020-01-20 18:13:39', '2020-01-20 18:13:39'),
	(5, 'logon', 1, 'Пользователь вошел в систему 2020-01-21 15:30:19', '127.0.0.1', '2020-01-21 15:30:19', '2020-01-21 15:30:19'),
	(6, 'logoff', 1, 'Пользователь вышел из системы 2020-01-21 15:31:48', NULL, '2020-01-21 15:31:48', '2020-01-21 15:31:48'),
	(7, 'logon', 1, 'Пользователь вошел в систему 2020-01-21 15:31:58', '127.0.0.1', '2020-01-21 15:31:58', '2020-01-21 15:31:58'),
	(8, 'logoff', 1, 'Пользователь вышел из системы 2020-01-21 15:39:28', NULL, '2020-01-21 15:39:28', '2020-01-21 15:39:28'),
	(9, 'logon', 1, 'Пользователь вошел в систему 2020-01-21 16:11:57', '127.0.0.1', '2020-01-21 16:11:57', '2020-01-21 16:11:57'),
	(10, 'logoff', 1, 'Пользователь вышел из системы 2020-01-21 16:43:15', NULL, '2020-01-21 16:43:15', '2020-01-21 16:43:15'),
	(11, 'logon', 1, 'Пользователь вошел в систему 2020-01-21 16:55:54', '127.0.0.1', '2020-01-21 16:55:54', '2020-01-21 16:55:54'),
	(12, 'logoff', 1, 'Пользователь вышел из системы 2020-01-21 16:59:54', NULL, '2020-01-21 16:59:54', '2020-01-21 16:59:54'),
	(13, 'logon', 1, 'Пользователь вошел в систему 2020-01-21 17:02:18', '127.0.0.1', '2020-01-21 17:02:18', '2020-01-21 17:02:18'),
	(14, 'logoff', 1, 'Пользователь вышел из системы 2020-01-21 17:15:44', NULL, '2020-01-21 17:15:44', '2020-01-21 17:15:44'),
	(15, 'logon', 1, 'Пользователь вошел в систему 2020-01-21 17:16:26', '127.0.0.1', '2020-01-21 17:16:26', '2020-01-21 17:16:26'),
	(16, 'logoff', 1, 'Пользователь вышел из системы 2020-01-21 17:16:52', NULL, '2020-01-21 17:16:52', '2020-01-21 17:16:52'),
	(17, 'logon', 1, 'Пользователь вошел в систему 2020-01-21 17:26:35', '127.0.0.1', '2020-01-21 17:26:35', '2020-01-21 17:26:35'),
	(18, 'logoff', 1, 'Пользователь вышел из системы 2020-01-21 17:27:49', NULL, '2020-01-21 17:27:49', '2020-01-21 17:27:49'),
	(19, 'logon', 1, 'Пользователь вошел в систему 2020-01-21 17:28:42', '127.0.0.1', '2020-01-21 17:28:42', '2020-01-21 17:28:42'),
	(20, 'logon', 1, 'Пользователь вошел в систему 2020-01-22 14:51:54', '127.0.0.1', '2020-01-22 14:51:54', '2020-01-22 14:51:54'),
	(21, 'logoff', 1, 'Пользователь вышел из системы 2020-01-22 18:19:23', NULL, '2020-01-22 18:19:23', '2020-01-22 18:19:23'),
	(22, 'logon', 1, 'Пользователь вошел в систему 2020-01-23 09:01:45', '127.0.0.1', '2020-01-23 09:01:45', '2020-01-23 09:01:45'),
	(23, 'info', 1, 'Разрешение Директор было успешно добавлено!', '127.0.0.1', '2020-01-23 09:52:23', '2020-01-23 09:52:23'),
	(24, 'info', 1, 'Разрешение Просмотр справочников было успешно добавлено!', '127.0.0.1', '2020-01-23 09:56:56', '2020-01-23 09:56:56'),
	(25, 'info', 1, 'Разрешение Работа с анкетами было успешно добавлено!', '127.0.0.1', '2020-01-23 09:57:50', '2020-01-23 09:57:50'),
	(26, 'info', 1, 'Разрешение Просмотр общих отчетов было успешно добавлено!', '127.0.0.1', '2020-01-23 09:58:38', '2020-01-23 09:58:38'),
	(27, 'info', 1, 'Разрешение Просмотр отчетов по электроэнергии было успешно добавлено!', '127.0.0.1', '2020-01-23 09:59:10', '2020-01-23 09:59:10'),
	(28, 'info', 1, 'Разрешение Просмотр отчетов по маркетингу было успешно добавлено!', '127.0.0.1', '2020-01-23 09:59:43', '2020-01-23 09:59:43'),
	(29, 'info', 1, 'Разрешение Добавление и редактирование контрагентов было успешно добавлено!', '127.0.0.1', '2020-01-23 10:00:45', '2020-01-23 10:00:45'),
	(30, 'info', 1, 'Разрешение Удаление контрагентов было успешно добавлено!', '127.0.0.1', '2020-01-23 10:01:06', '2020-01-23 10:01:06'),
	(31, 'info', 1, 'Разрешение Работа с задачами энергетика было успешно добавлено!', '127.0.0.1', '2020-01-23 10:02:23', '2020-01-23 10:02:23'),
	(32, 'info', 1, 'Разрешение Работа с задачами охраны было успешно добавлено!', '127.0.0.1', '2020-01-23 10:02:46', '2020-01-23 10:02:46'),
	(33, 'info', 1, 'Разрешение Работа с задачами маркетинга было успешно добавлено!', '127.0.0.1', '2020-01-23 10:03:22', '2020-01-23 10:03:22'),
	(34, 'info', 1, 'Разрешение Экспорт данных было успешно добавлено!', '127.0.0.1', '2020-01-23 10:04:11', '2020-01-23 10:04:11'),
	(35, 'info', 1, 'Разрешение Импорт данных было успешно добавлено!', '127.0.0.1', '2020-01-23 10:04:26', '2020-01-23 10:04:26'),
	(36, 'info', 1, 'Разрешение амукйк было успешно добавлено!', '127.0.0.1', '2020-01-23 10:04:46', '2020-01-23 10:04:46'),
	(37, 'info', 1, 'Разрешение амукйк было удалено!', '127.0.0.1', '2020-01-23 10:06:42', '2020-01-23 10:06:42'),
	(38, 'info', 1, 'Системная роль Директор была успешно добавлена!', '127.0.0.1', '2020-01-23 11:26:28', '2020-01-23 11:26:28'),
	(39, 'access', 1, 'Изменены разрешения для роли Администратор', '127.0.0.1', '2020-01-23 11:59:24', '2020-01-23 11:59:24'),
	(40, 'access', 1, 'Изменены разрешения для роли Администратор', '127.0.0.1', '2020-01-23 12:00:06', '2020-01-23 12:00:06'),
	(41, 'access', 1, 'Изменены разрешения для роли Директор', '127.0.0.1', '2020-01-23 12:00:47', '2020-01-23 12:00:47'),
	(42, 'info', 1, 'Системная роль Менеджер была успешно добавлена!', '127.0.0.1', '2020-01-23 12:01:37', '2020-01-23 12:01:37'),
	(43, 'access', 1, 'Изменены разрешения для роли Менеджер', '127.0.0.1', '2020-01-23 12:02:16', '2020-01-23 12:02:16'),
	(44, 'info', 1, 'Системная роль Охрана была успешно добавлена!', '127.0.0.1', '2020-01-23 12:02:39', '2020-01-23 12:02:39'),
	(45, 'access', 1, 'Изменены разрешения для роли Охрана', '127.0.0.1', '2020-01-23 12:03:32', '2020-01-23 12:03:32'),
	(46, 'info', 1, 'Системная роль Энергетик была успешно добавлена!', '127.0.0.1', '2020-01-23 12:03:54', '2020-01-23 12:03:54'),
	(47, 'access', 1, 'Изменены разрешения для роли Энергетик', '127.0.0.1', '2020-01-23 12:04:27', '2020-01-23 12:04:27'),
	(48, 'info', 1, 'Системная роль Маркетолог была успешно добавлена!', '127.0.0.1', '2020-01-23 12:05:00', '2020-01-23 12:05:00'),
	(49, 'access', 1, 'Изменены разрешения для роли Маркетолог', '127.0.0.1', '2020-01-23 12:05:46', '2020-01-23 12:05:46'),
	(50, 'info', 1, 'Системная роль Интервьюер была успешно добавлена!', '127.0.0.1', '2020-01-23 12:06:03', '2020-01-23 12:06:03'),
	(51, 'access', 1, 'Изменены разрешения для роли Интервьюер', '127.0.0.1', '2020-01-23 12:06:14', '2020-01-23 12:06:14'),
	(52, 'info', 1, 'Системная роль u5u была успешно добавлена!', '127.0.0.1', '2020-01-23 12:06:26', '2020-01-23 12:06:26'),
	(53, 'info', 1, 'Системная роль u5u была удалена!', '127.0.0.1', '2020-01-23 12:06:32', '2020-01-23 12:06:32'),
	(54, 'access', 1, 'Изменены роли для учетной записи admin', '127.0.0.1', '2020-01-23 12:48:13', '2020-01-23 12:48:13'),
	(55, 'access', 1, 'Учетная запись ircut была изменена!', '127.0.0.1', '2020-01-23 12:48:48', '2020-01-23 12:48:48'),
	(56, 'logoff', 1, 'Пользователь вышел из системы 2020-01-23 12:48:53', NULL, '2020-01-23 12:48:53', '2020-01-23 12:48:53'),
	(57, 'logon', 1, 'Пользователь вошел в систему 2020-01-23 12:49:06', '127.0.0.1', '2020-01-23 12:49:06', '2020-01-23 12:49:06'),
	(58, 'access', 1, 'Изменены роли для учетной записи babenko', '127.0.0.1', '2020-01-23 13:18:14', '2020-01-23 13:18:14'),
	(59, 'access', 1, 'Учетная запись babenko была изменена!', '127.0.0.1', '2020-01-23 13:18:28', '2020-01-23 13:18:28'),
	(60, 'info', 1, 'Для пользователя babenko был установлен новый пароль.', NULL, '2020-01-23 13:18:32', '2020-01-23 13:18:32'),
	(61, 'info', 1, 'Новый пользователь Борисенко А.В. был успешно добавлен!', NULL, '2020-01-23 13:22:54', '2020-01-23 13:22:54'),
	(62, 'access', 1, 'Изменены роли для учетной записи borisenko', '127.0.0.1', '2020-01-23 13:28:50', '2020-01-23 13:28:50'),
	(63, 'access', 1, 'Учетная запись borisenko была изменена!', '127.0.0.1', '2020-01-23 13:28:57', '2020-01-23 13:28:57'),
	(64, 'info', 1, 'Для пользователя borisenko был установлен новый пароль.', NULL, '2020-01-23 13:29:00', '2020-01-23 13:29:00'),
	(65, 'info', 1, 'Новый пользователь Леньшин И.В. был успешно добавлен!', NULL, '2020-01-23 13:29:38', '2020-01-23 13:29:38'),
	(66, 'access', 1, 'Изменены роли для учетной записи lenshin', '127.0.0.1', '2020-01-23 13:36:03', '2020-01-23 13:36:03'),
	(67, 'info', 1, 'Новый пользователь Коняхин Р.А. был успешно добавлен!', NULL, '2020-01-23 13:36:37', '2020-01-23 13:36:37'),
	(68, 'access', 1, 'Изменены роли для учетной записи konyahin', '127.0.0.1', '2020-01-23 13:36:43', '2020-01-23 13:36:43'),
	(69, 'access', 1, 'Изменены роли для учетной записи konyahin', '127.0.0.1', '2020-01-23 13:39:48', '2020-01-23 13:39:48'),
	(70, 'access', 1, 'Учетная запись lenshin была изменена!', '127.0.0.1', '2020-01-23 13:39:55', '2020-01-23 13:39:55'),
	(71, 'access', 1, 'Учетная запись konyahin была изменена!', '127.0.0.1', '2020-01-23 13:40:00', '2020-01-23 13:40:00'),
	(72, 'info', 1, 'Для пользователя lenshin был установлен новый пароль.', NULL, '2020-01-23 13:40:05', '2020-01-23 13:40:05'),
	(73, 'logoff', 1, 'Пользователь вышел из системы 2020-01-23 13:44:25', NULL, '2020-01-23 13:44:25', '2020-01-23 13:44:25'),
	(74, 'logon', 1, 'Пользователь вошел в систему 2020-01-25 06:38:33', '127.0.0.1', '2020-01-25 06:38:33', '2020-01-25 06:38:33'),
	(75, 'info', 1, 'Новый пользователь Пыхов Н.Н. был успешно добавлен!', NULL, '2020-01-25 06:41:10', '2020-01-25 06:41:10'),
	(76, 'access', 1, 'Изменены роли для учетной записи pykhov', '127.0.0.1', '2020-01-25 06:41:23', '2020-01-25 06:41:23'),
	(77, 'info', 1, 'Общий счетчик Главный был успешно добавлен!', '127.0.0.1', '2020-01-25 10:05:49', '2020-01-25 10:05:49'),
	(78, 'info', 1, 'Общий счетчик Общий на СК был успешно добавлен!', '127.0.0.1', '2020-01-25 10:09:09', '2020-01-25 10:09:09'),
	(79, 'info', 1, 'Общий счетчик Общий на МС был успешно добавлен!', '127.0.0.1', '2020-01-25 10:10:05', '2020-01-25 10:10:05'),
	(80, 'info', 1, 'Данные счетчика Главный222 были изменены!', '127.0.0.1', '2020-01-25 11:10:56', '2020-01-25 11:10:56'),
	(81, 'info', 1, 'Данные счетчика Главный были изменены!', '127.0.0.1', '2020-01-25 11:11:12', '2020-01-25 11:11:12'),
	(82, 'info', 1, 'Общий счетчик ffgf был успешно добавлен!', '127.0.0.1', '2020-01-25 11:25:16', '2020-01-25 11:25:16'),
	(83, 'info', 1, 'Данные счетчика test были изменены!', '127.0.0.1', '2020-01-25 11:25:28', '2020-01-25 11:25:28'),
	(84, 'access', 1, 'Счетчик test был удален!', '127.0.0.1', '2020-01-25 11:25:34', '2020-01-25 11:25:34'),
	(85, 'info', 1, 'Общий счетчик Счетчик АЗ был успешно добавлен!', '127.0.0.1', '2020-01-25 11:38:40', '2020-01-25 11:38:40'),
	(86, 'access', 1, 'Счетчик Счетчик АЗ был удален!', '127.0.0.1', '2020-01-25 11:41:21', '2020-01-25 11:41:21'),
	(87, 'info', 1, 'Собственный счетчик Счетчик АЗ был успешно добавлен!', '127.0.0.1', '2020-01-25 11:42:02', '2020-01-25 11:42:02'),
	(88, 'info', 1, 'Данные счетчика Счетчик АЗ были изменены!', '127.0.0.1', '2020-01-25 11:42:12', '2020-01-25 11:42:12'),
	(89, 'info', 1, 'Данные счетчика Счетчик АЗ были изменены!', '127.0.0.1', '2020-01-25 11:42:21', '2020-01-25 11:42:21'),
	(90, 'info', 1, 'Собственный счетчик yju был успешно добавлен!', '127.0.0.1', '2020-01-25 11:42:33', '2020-01-25 11:42:33'),
	(91, 'info', 1, 'Данные счетчика yju были изменены!', '127.0.0.1', '2020-01-25 11:42:40', '2020-01-25 11:42:40'),
	(92, 'access', 1, 'Счетчик yju был удален!', '127.0.0.1', '2020-01-25 11:42:44', '2020-01-25 11:42:44'),
	(93, 'info', 1, 'Территория МС Выставка была успешно добавлена!', '127.0.0.1', '2020-01-25 12:20:07', '2020-01-25 12:20:07'),
	(94, 'info', 1, 'Территория Складской комплекс была успешно добавлена!', '127.0.0.1', '2020-01-25 12:28:08', '2020-01-25 12:28:08'),
	(95, 'info', 1, 'Данные территории МС Выставка были изменены!', '127.0.0.1', '2020-01-25 12:31:00', '2020-01-25 12:31:00'),
	(96, 'info', 1, 'Данные территории Складской комплекс345 были изменены!', '127.0.0.1', '2020-01-25 12:31:11', '2020-01-25 12:31:11'),
	(97, 'info', 1, 'Данные территории Складской комплекс были изменены!', '127.0.0.1', '2020-01-25 12:31:20', '2020-01-25 12:31:20'),
	(98, 'info', 1, 'Территория МС ОП была успешно добавлена!', '127.0.0.1', '2020-01-25 12:31:42', '2020-01-25 12:31:42'),
	(99, 'info', 1, 'Территория МС ОПГС была успешно добавлена!', '127.0.0.1', '2020-01-25 12:31:56', '2020-01-25 12:31:56'),
	(100, 'info', 1, 'Территория Парковка большая была успешно добавлена!', '127.0.0.1', '2020-01-25 12:32:12', '2020-01-25 12:32:12'),
	(101, 'info', 1, 'Территория МС Участок №225 была успешно добавлена!', '127.0.0.1', '2020-01-25 12:32:27', '2020-01-25 12:32:27'),
	(102, 'info', 1, 'Территория МС Участок №225-2 была успешно добавлена!', '127.0.0.1', '2020-01-25 12:32:45', '2020-01-25 12:32:45'),
	(103, 'info', 1, 'Территория ty5u была успешно добавлена!', '127.0.0.1', '2020-01-25 12:33:00', '2020-01-25 12:33:00'),
	(104, 'access', 1, 'Территория ty5u была удалена!', '127.0.0.1', '2020-01-25 12:35:05', '2020-01-25 12:35:05'),
	(105, 'info', 1, 'Новый подписчик rogatnev@m-strana.ru был успешно добавлен!', '127.0.0.1', '2020-01-25 13:12:55', '2020-01-25 13:12:55'),
	(106, 'info', 1, 'Новый подписчик shmeleva@m-strana.ru был успешно добавлен!', '127.0.0.1', '2020-01-25 13:16:21', '2020-01-25 13:16:21'),
	(107, 'info', 1, 'Новый подписчик borisenko@m-strana.ru был успешно добавлен!', '127.0.0.1', '2020-01-25 13:16:33', '2020-01-25 13:16:33'),
	(108, 'info', 1, 'Новый подписчик stadler@m-strana.ru был успешно добавлен!', '127.0.0.1', '2020-01-25 13:16:51', '2020-01-25 13:16:51'),
	(109, 'access', 1, 'Подписчик с e-mail stadler@m-strana.ru была деактивирован', '127.0.0.1', '2020-01-25 13:30:37', '2020-01-25 13:30:37'),
	(110, 'access', 1, 'Подписчик с e-mail borisenko@m-strana.ru была деактивирован', '127.0.0.1', '2020-01-25 13:30:40', '2020-01-25 13:30:40'),
	(111, 'access', 1, 'Подписчик с e-mail borisenko@m-strana.ru был активирован', '127.0.0.1', '2020-01-25 13:30:44', '2020-01-25 13:30:44'),
	(112, 'access', 1, 'Подписчик с e-mail stadler@m-strana.ru был активирован', '127.0.0.1', '2020-01-25 13:30:46', '2020-01-25 13:30:46'),
	(113, 'info', 1, 'Новый подписчик test@mail.ru был успешно добавлен!', '127.0.0.1', '2020-01-25 13:31:03', '2020-01-25 13:31:03'),
	(114, 'access', 1, 'Подписчик с e-mail test@mail.ru был активирован', '127.0.0.1', '2020-01-25 13:31:06', '2020-01-25 13:31:06'),
	(115, 'access', 1, 'Подписчик test@mail.ru был удален!', '127.0.0.1', '2020-01-25 13:33:12', '2020-01-25 13:33:12'),
	(116, 'logoff', 1, 'Пользователь вышел из системы 2020-01-25 13:39:40', NULL, '2020-01-25 13:39:40', '2020-01-25 13:39:40'),
	(117, 'logon', 1, 'Пользователь вошел в систему 2020-01-26 09:05:49', '127.0.0.1', '2020-01-26 09:05:49', '2020-01-26 09:05:49'),
	(118, 'info', 1, 'Новая группа Выставка МС была успешно добавлена!', '127.0.0.1', '2020-01-26 11:43:19', '2020-01-26 11:43:19'),
	(119, 'info', 1, 'Новая группа Склад была успешно добавлена!', '127.0.0.1', '2020-01-26 11:43:37', '2020-01-26 11:43:37'),
	(120, 'info', 1, 'Данные подразделения Склад222 были изменены!', '127.0.0.1', '2020-01-26 11:52:54', '2020-01-26 11:52:54'),
	(121, 'info', 1, 'Данные подразделения Склад были изменены!', '127.0.0.1', '2020-01-26 11:53:01', '2020-01-26 11:53:01'),
	(122, 'info', 1, 'Новая группа 6y6yyy была успешно добавлена!', '127.0.0.1', '2020-01-26 11:53:05', '2020-01-26 11:53:05'),
	(123, 'info', 1, 'Данные подразделения ntcn были изменены!', '127.0.0.1', '2020-01-26 11:53:13', '2020-01-26 11:53:13'),
	(124, 'info', 1, 'Подразделение ntcn было удалено!', '127.0.0.1', '2020-01-26 11:53:17', '2020-01-26 11:53:17'),
	(125, 'info', 1, 'Новая статья расходов Общие затраты МС и СК была успешно добавлена!', '127.0.0.1', '2020-01-26 12:09:37', '2020-01-26 12:09:37'),
	(126, 'info', 1, 'Новая статья расходов Общие затраты МС была успешно добавлена!', '127.0.0.1', '2020-01-26 12:09:53', '2020-01-26 12:09:53'),
	(127, 'info', 1, 'Новая статья расходов Общие затраты СК была успешно добавлена!', '127.0.0.1', '2020-01-26 12:10:07', '2020-01-26 12:10:07'),
	(128, 'info', 1, 'Новая статья расходов rthrr была успешно добавлена!', '127.0.0.1', '2020-01-26 12:10:13', '2020-01-26 12:10:13'),
	(129, 'info', 1, 'Данные статьи затрат test были изменены!', '127.0.0.1', '2020-01-26 12:10:20', '2020-01-26 12:10:20'),
	(130, 'info', 1, 'Статья затрат test было удалено!', '127.0.0.1', '2020-01-26 12:10:24', '2020-01-26 12:10:24'),
	(131, 'info', 1, 'Новый поставщик ООО ИТЦ "ФОКС" был успешно добавлен!', '127.0.0.1', '2020-01-26 12:25:22', '2020-01-26 12:25:22'),
	(132, 'info', 1, 'Новый поставщик ООО "Манго Телеком" был успешно добавлен!', '127.0.0.1', '2020-01-26 12:25:34', '2020-01-26 12:25:34'),
	(133, 'info', 1, 'Данные поставщика ООО "Манго Телеком"23 были изменены!', '127.0.0.1', '2020-01-26 12:27:19', '2020-01-26 12:27:19'),
	(134, 'info', 1, 'Поставщик ООО "Манго Телеком"23 был удален!', '127.0.0.1', '2020-01-26 12:27:23', '2020-01-26 12:27:23'),
	(135, 'info', 1, 'Данные поставщика ООО "Регард МСК"22 были изменены!', '127.0.0.1', '2020-01-26 12:33:19', '2020-01-26 12:33:19'),
	(136, 'info', 1, 'Данные поставщика ООО "Регард МСК" были изменены!', '127.0.0.1', '2020-01-26 12:33:24', '2020-01-26 12:33:24'),
	(137, 'info', 1, 'Данные поставщика Тензор123 были изменены!', '127.0.0.1', '2020-01-26 12:50:50', '2020-01-26 12:50:50'),
	(138, 'info', 1, 'Данные поставщика Тензор были изменены!', '127.0.0.1', '2020-01-26 12:50:55', '2020-01-26 12:50:55'),
	(139, 'info', 1, 'Новая запись расхода ИТ test была успешно добавлена!', '127.0.0.1', '2020-01-26 13:45:10', '2020-01-26 13:45:10'),
	(140, 'info', 1, 'Данные записи расхода ИТ test были изменены!', '127.0.0.1', '2020-01-26 13:45:30', '2020-01-26 13:45:30'),
	(141, 'info', 1, 'Данные записи расхода ИТ test были изменены!', '127.0.0.1', '2020-01-26 13:45:40', '2020-01-26 13:45:40'),
	(142, 'info', 1, 'Запись расхода ИТ test была удалена!', '127.0.0.1', '2020-01-26 13:45:44', '2020-01-26 13:45:44'),
	(143, 'info', 1, 'Данные записи расхода ИТ Годовая лицензия KAV для ЛИВ_ЛЛГ были изменены!', '127.0.0.1', '2020-01-26 14:02:57', '2020-01-26 14:02:57'),
	(144, 'info', 1, 'Данные записи расхода ИТ Годовая лицензия KAV для ЛИВ_ЛЛГ были изменены!', '127.0.0.1', '2020-01-26 14:03:05', '2020-01-26 14:03:05'),
	(145, 'logon', 1, 'Не удачная попытка входа в систему login admin 2020-01-26 17:35:46', '127.0.0.1', '2020-01-26 17:35:46', '2020-01-26 17:35:46'),
	(146, 'logon', 1, 'Не удачная попытка входа в систему login admin 2020-01-26 17:35:51', '127.0.0.1', '2020-01-26 17:35:51', '2020-01-26 17:35:51'),
	(147, 'logon', 1, 'Пользователь вошел в систему 2020-01-26 17:35:54', '127.0.0.1', '2020-01-26 17:35:54', '2020-01-26 17:35:54'),
	(148, 'logon', 1, 'Пользователь вошел в систему 2020-01-27 08:18:51', '127.0.0.1', '2020-01-27 08:18:51', '2020-01-27 08:18:51'),
	(149, 'logon', 1, 'Не удачная попытка входа в систему login admin 2020-01-27 08:29:25', '127.0.0.1', '2020-01-27 08:29:25', '2020-01-27 08:29:25'),
	(150, 'logon', 1, 'Пользователь вошел в систему 2020-01-27 08:29:34', '127.0.0.1', '2020-01-27 08:29:34', '2020-01-27 08:29:34'),
	(151, 'info', 1, 'Новый пользователь Овсиенко А.А. был успешно добавлен!', NULL, '2020-01-27 08:33:21', '2020-01-27 08:33:21'),
	(152, 'info', 1, 'Новый пользователь Стадлер М.С. был успешно добавлен!', NULL, '2020-01-27 08:38:39', '2020-01-27 08:38:39'),
	(153, 'info', 1, 'Учетная запись pykhov была изменена!', '127.0.0.1', '2020-01-27 08:39:37', '2020-01-27 08:39:37'),
	(154, 'info', 1, 'Учетная запись antipin была изменена!', '127.0.0.1', '2020-01-27 08:39:43', '2020-01-27 08:39:43'),
	(155, 'info', 1, 'Учетная запись ovsienko была изменена!', '127.0.0.1', '2020-01-27 08:39:49', '2020-01-27 08:39:49'),
	(156, 'info', 1, 'Учетная запись stadler была изменена!', '127.0.0.1', '2020-01-27 08:39:55', '2020-01-27 08:39:55'),
	(157, 'info', 1, 'Новый город Люберцы был успешно добавлен в справочник!', '127.0.0.1', '2020-01-27 09:11:48', '2020-01-27 09:11:48'),
	(158, 'info', 1, 'Запись Люберцы1 справочника городов была изменена!', '127.0.0.1', '2020-01-27 09:11:55', '2020-01-27 09:11:55'),
	(159, 'info', 1, 'Удалена запись Люберцы1 из справочника городов!', '127.0.0.1', '2020-01-27 09:12:00', '2020-01-27 09:12:00'),
	(160, 'info', 1, 'Новый материал steel был успешно добавлен в справочник!', '127.0.0.1', '2020-01-27 09:27:32', '2020-01-27 09:27:32'),
	(161, 'info', 1, 'Новый материал wood был успешно добавлен в справочник!', '127.0.0.1', '2020-01-27 09:28:00', '2020-01-27 09:28:00'),
	(162, 'info', 1, 'Удалена запись wood из справочника материалов!', '127.0.0.1', '2020-01-27 09:28:05', '2020-01-27 09:28:05'),
	(163, 'info', 1, 'Запись steelll справочника материалов была изменена!', '127.0.0.1', '2020-01-27 09:28:11', '2020-01-27 09:28:11'),
	(164, 'info', 1, 'Удалена запись steelll из справочника материалов!', '127.0.0.1', '2020-01-27 09:28:15', '2020-01-27 09:28:15'),
	(165, 'info', 1, 'Новый медиа-источник Рен ТВ был успешно добавлен в справочник!', '127.0.0.1', '2020-01-27 10:38:19', '2020-01-27 10:38:19'),
	(166, 'info', 1, 'Новый медиа-источник ТВ Центр был успешно добавлен в справочник!', '127.0.0.1', '2020-01-27 10:38:31', '2020-01-27 10:38:31'),
	(167, 'info', 1, 'Новый медиа-источник Россия 1 был успешно добавлен в справочник!', '127.0.0.1', '2020-01-27 10:38:44', '2020-01-27 10:38:44'),
	(168, 'info', 1, 'Новый медиа-источник Евроньюс был успешно добавлен в справочник!', '127.0.0.1', '2020-01-27 10:38:57', '2020-01-27 10:38:57'),
	(169, 'info', 1, 'Новый медиа-источник Не помню был успешно добавлен в справочник!', '127.0.0.1', '2020-01-27 10:39:08', '2020-01-27 10:39:08'),
	(170, 'info', 1, 'Новый медиа-источник Другое (свой вариант) был успешно добавлен в справочник!', '127.0.0.1', '2020-01-27 10:39:22', '2020-01-27 10:39:22'),
	(171, 'info', 1, 'Новый медиа-источник тесттт был успешно добавлен в справочник!', '127.0.0.1', '2020-01-27 10:39:32', '2020-01-27 10:39:32'),
	(172, 'info', 1, 'Запись тест справочника медиа-источников была изменена!', '127.0.0.1', '2020-01-27 10:39:40', '2020-01-27 10:39:40'),
	(173, 'info', 1, 'Удалена запись тест из справочника медиа-источников!', '127.0.0.1', '2020-01-27 10:39:43', '2020-01-27 10:39:43'),
	(174, 'info', 1, 'Новое юрлицо ИП Коняхин Р.А. было успешно добавлено!', '127.0.0.1', '2020-01-27 12:28:06', '2020-01-27 12:28:06'),
	(175, 'info', 1, 'Новое юрлицо ИП Борисенко А.В. было успешно добавлено!', '127.0.0.1', '2020-01-27 12:28:21', '2020-01-27 12:28:21'),
	(176, 'info', 1, 'Новое юрлицо ИП Леньшин И.В. было успешно добавлено!', '127.0.0.1', '2020-01-27 12:28:32', '2020-01-27 12:28:32'),
	(177, 'info', 1, 'Новое юрлицо ИП Леньшина Л.Г. было успешно добавлено!', '127.0.0.1', '2020-01-27 12:28:43', '2020-01-27 12:28:43'),
	(178, 'info', 1, 'Запись юрлица ИП Коняхин Р.А.222 была изменена!', '127.0.0.1', '2020-01-27 12:28:53', '2020-01-27 12:28:53'),
	(179, 'info', 1, 'Запись юрлица ИП Коняхин Р.А. была изменена!', '127.0.0.1', '2020-01-27 12:29:04', '2020-01-27 12:29:04'),
	(180, 'info', 1, 'Новое юрлицо dbrbrrb было успешно добавлено!', '127.0.0.1', '2020-01-27 12:29:13', '2020-01-27 12:29:13'),
	(181, 'info', 1, 'Удалена запись dbrbrrb из справочника медиа-источников!', '127.0.0.1', '2020-01-27 12:29:18', '2020-01-27 12:29:18'),
	(182, 'logoff', 1, 'Пользователь вышел из системы 2020-01-27 12:30:52', NULL, '2020-01-27 12:30:52', '2020-01-27 12:30:52');
/*!40000 ALTER TABLE `eventlogs` ENABLE KEYS */;

-- Дамп структуры для таблица poll_db.expenses
DROP TABLE IF EXISTS `expenses`;
CREATE TABLE IF NOT EXISTS `expenses` (
  `id` int(10) unsigned NOT NULL AUTO_INCREMENT,
  `name` varchar(100) COLLATE utf8mb4_unicode_ci NOT NULL,
  `created_at` timestamp NOT NULL,
  `updated_at` timestamp NOT NULL DEFAULT CURRENT_TIMESTAMP ON UPDATE CURRENT_TIMESTAMP,
  PRIMARY KEY (`id`)
) ENGINE=InnoDB AUTO_INCREMENT=4 DEFAULT CHARSET=utf8mb4 COLLATE=utf8mb4_unicode_ci;

-- Дамп данных таблицы poll_db.expenses: ~3 rows (приблизительно)
DELETE FROM `expenses`;
/*!40000 ALTER TABLE `expenses` DISABLE KEYS */;
INSERT INTO `expenses` (`id`, `name`, `created_at`, `updated_at`) VALUES
	(1, 'Общие затраты МС и СК', '2020-01-26 12:09:37', '2020-01-26 12:09:37'),
	(2, 'Общие затраты МС', '2020-01-26 12:09:53', '2020-01-26 12:09:53'),
	(3, 'Общие затраты СК', '2020-01-26 12:10:07', '2020-01-26 12:10:07');
/*!40000 ALTER TABLE `expenses` ENABLE KEYS */;

-- Дамп структуры для таблица poll_db.materials
DROP TABLE IF EXISTS `materials`;
CREATE TABLE IF NOT EXISTS `materials` (
  `id` int(10) unsigned NOT NULL AUTO_INCREMENT,
  `name` varchar(80) COLLATE utf8mb4_unicode_ci NOT NULL,
  `created_at` timestamp NOT NULL,
  `updated_at` timestamp NOT NULL DEFAULT CURRENT_TIMESTAMP ON UPDATE CURRENT_TIMESTAMP,
  PRIMARY KEY (`id`)
) ENGINE=InnoDB AUTO_INCREMENT=13 DEFAULT CHARSET=utf8mb4 COLLATE=utf8mb4_unicode_ci;

-- Дамп данных таблицы poll_db.materials: ~12 rows (приблизительно)
DELETE FROM `materials`;
/*!40000 ALTER TABLE `materials` DISABLE KEYS */;
INSERT INTO `materials` (`id`, `name`, `created_at`, `updated_at`) VALUES
	(1, 'Лако-красочные покрытия', '2017-09-27 21:16:25', '2017-09-27 21:16:55'),
	(2, 'Кровли', '2017-09-27 21:16:25', '2017-09-27 21:16:55'),
	(3, 'Фасадные материалы', '2017-09-27 21:16:25', '2017-09-27 21:16:55'),
	(4, 'Фундаменты', '2017-09-27 21:16:25', '2017-09-27 21:16:55'),
	(5, 'Отделка внутренняя', '2017-09-27 21:16:25', '2017-09-27 21:16:55'),
	(6, 'Окна и двери', '2017-09-27 21:16:25', '2017-09-27 21:16:55'),
	(7, 'Бани', '2017-09-27 21:16:25', '2017-09-27 21:16:55'),
	(8, 'Садовые домики, беседки, гриль, хоз. блок', '2017-09-27 21:16:25', '2017-09-27 21:16:55'),
	(9, 'Дизайн  экстерьера (ланшафтный дизайн, мебель для сада, др.)', '2017-09-27 21:16:25', '2017-09-27 21:16:55'),
	(10, 'Дизайн интерьера (мебель  для дома, шторы, люстры, двери, обои, и т.д )', '2017-09-27 21:16:25', '2017-09-27 21:16:55'),
	(11, 'Входные группы и системы безопасности (рольставни, заборы, ворота)', '2017-09-27 21:16:25', '2017-09-27 21:16:55'),
	(12, 'Инженерные системы', '2017-09-27 21:16:25', '2017-09-27 21:16:55');
/*!40000 ALTER TABLE `materials` ENABLE KEYS */;

-- Дамп структуры для таблица poll_db.migrations
DROP TABLE IF EXISTS `migrations`;
CREATE TABLE IF NOT EXISTS `migrations` (
  `id` int(10) unsigned NOT NULL AUTO_INCREMENT,
  `migration` varchar(255) COLLATE utf8mb4_unicode_ci NOT NULL,
  `batch` int(11) NOT NULL,
  PRIMARY KEY (`id`)
) ENGINE=InnoDB AUTO_INCREMENT=22 DEFAULT CHARSET=utf8mb4 COLLATE=utf8mb4_unicode_ci;

-- Дамп данных таблицы poll_db.migrations: ~20 rows (приблизительно)
DELETE FROM `migrations`;
/*!40000 ALTER TABLE `migrations` DISABLE KEYS */;
INSERT INTO `migrations` (`id`, `migration`, `batch`) VALUES
	(1, '2014_10_12_000000_create_users_table', 1),
	(2, '2014_10_12_100000_create_password_resets_table', 1),
	(3, '2020_01_20_164513_create_eventlogs_table', 1),
	(4, '2020_01_22_150006_create_roles_table', 2),
	(5, '2020_01_22_150105_create_actions_table', 2),
	(6, '2020_01_22_150130_create_role_user_table', 2),
	(7, '2020_01_22_150150_create_action_role_table', 2),
	(8, '2020_01_25_070540_create_ecounters_table', 3),
	(9, '2020_01_25_070635_create_own_ecounters_table', 3),
	(10, '2020_01_25_070713_create_places_table', 3),
	(11, '2020_01_25_070914_create_describers_table', 3),
	(12, '2020_01_26_091819_create_unit_group_table', 4),
	(13, '2020_01_26_091910_create_expenses_table', 4),
	(15, '2020_01_26_092003_create_costs_table', 5),
	(16, '2020_01_26_091942_create_suppliers_table', 6),
	(17, '2020_01_26_174057_create_cities_table', 7),
	(18, '2020_01_26_174110_create_materials_table', 7),
	(19, '2020_01_26_174150_create_tvsources_table', 7),
	(20, '2020_01_27_104824_create_divisions_table', 8),
	(21, '2020_01_27_104916_create_renters_table', 8);
/*!40000 ALTER TABLE `migrations` ENABLE KEYS */;

-- Дамп структуры для таблица poll_db.own_ecounters
DROP TABLE IF EXISTS `own_ecounters`;
CREATE TABLE IF NOT EXISTS `own_ecounters` (
  `id` int(10) unsigned NOT NULL AUTO_INCREMENT,
  `name` varchar(50) COLLATE utf8mb4_unicode_ci NOT NULL DEFAULT '',
  `text` varchar(100) COLLATE utf8mb4_unicode_ci DEFAULT '',
  `koeff` double(8,2) NOT NULL,
  `tarif` double(8,2) NOT NULL DEFAULT '3.70',
  `created_at` timestamp NOT NULL,
  `updated_at` timestamp NOT NULL DEFAULT CURRENT_TIMESTAMP ON UPDATE CURRENT_TIMESTAMP,
  PRIMARY KEY (`id`)
) ENGINE=InnoDB AUTO_INCREMENT=2 DEFAULT CHARSET=utf8mb4 COLLATE=utf8mb4_unicode_ci;

-- Дамп данных таблицы poll_db.own_ecounters: ~0 rows (приблизительно)
DELETE FROM `own_ecounters`;
/*!40000 ALTER TABLE `own_ecounters` DISABLE KEYS */;
INSERT INTO `own_ecounters` (`id`, `name`, `text`, `koeff`, `tarif`, `created_at`, `updated_at`) VALUES
	(1, 'Счетчик АЗ', 'Собственный счетчик в АЗ МС в комнате охраны', 1.00, 4.10, '2020-01-25 11:42:02', '2020-01-25 11:42:21');
/*!40000 ALTER TABLE `own_ecounters` ENABLE KEYS */;

-- Дамп структуры для таблица poll_db.password_resets
DROP TABLE IF EXISTS `password_resets`;
CREATE TABLE IF NOT EXISTS `password_resets` (
  `email` varchar(255) COLLATE utf8mb4_unicode_ci NOT NULL,
  `token` varchar(255) COLLATE utf8mb4_unicode_ci NOT NULL,
  `created_at` timestamp NULL DEFAULT NULL,
  KEY `password_resets_email_index` (`email`)
) ENGINE=InnoDB DEFAULT CHARSET=utf8mb4 COLLATE=utf8mb4_unicode_ci;

-- Дамп данных таблицы poll_db.password_resets: ~0 rows (приблизительно)
DELETE FROM `password_resets`;
/*!40000 ALTER TABLE `password_resets` DISABLE KEYS */;
/*!40000 ALTER TABLE `password_resets` ENABLE KEYS */;

-- Дамп структуры для таблица poll_db.places
DROP TABLE IF EXISTS `places`;
CREATE TABLE IF NOT EXISTS `places` (
  `id` int(10) unsigned NOT NULL AUTO_INCREMENT,
  `name` varchar(50) COLLATE utf8mb4_unicode_ci NOT NULL DEFAULT '',
  `ecounter_id` int(10) unsigned NOT NULL,
  `created_at` timestamp NOT NULL,
  `updated_at` timestamp NOT NULL DEFAULT CURRENT_TIMESTAMP ON UPDATE CURRENT_TIMESTAMP,
  PRIMARY KEY (`id`),
  KEY `places_ecounter_id_foreign` (`ecounter_id`),
  CONSTRAINT `places_ecounter_id_foreign` FOREIGN KEY (`ecounter_id`) REFERENCES `ecounters` (`id`)
) ENGINE=InnoDB AUTO_INCREMENT=8 DEFAULT CHARSET=utf8mb4 COLLATE=utf8mb4_unicode_ci;

-- Дамп данных таблицы poll_db.places: ~7 rows (приблизительно)
DELETE FROM `places`;
/*!40000 ALTER TABLE `places` DISABLE KEYS */;
INSERT INTO `places` (`id`, `name`, `ecounter_id`, `created_at`, `updated_at`) VALUES
	(1, 'МС Выставка', 3, '2020-01-25 12:20:07', '2020-01-25 12:31:00'),
	(2, 'Складской комплекс', 2, '2020-01-25 12:28:08', '2020-01-25 12:31:20'),
	(3, 'МС ОП', 3, '2020-01-25 12:31:42', '2020-01-25 12:31:42'),
	(4, 'МС ОПГС', 3, '2020-01-25 12:31:56', '2020-01-25 12:31:56'),
	(5, 'Парковка большая', 3, '2020-01-25 12:32:12', '2020-01-25 12:32:12'),
	(6, 'МС Участок №225', 3, '2020-01-25 12:32:27', '2020-01-25 12:32:27'),
	(7, 'МС Участок №225-2', 3, '2020-01-25 12:32:45', '2020-01-25 12:32:45');
/*!40000 ALTER TABLE `places` ENABLE KEYS */;

-- Дамп структуры для таблица poll_db.renters
DROP TABLE IF EXISTS `renters`;
CREATE TABLE IF NOT EXISTS `renters` (
  `id` int(10) unsigned NOT NULL AUTO_INCREMENT,
  `title` varchar(100) COLLATE utf8mb4_unicode_ci NOT NULL,
  `name` varchar(100) COLLATE utf8mb4_unicode_ci NOT NULL,
  `area` varchar(20) COLLATE utf8mb4_unicode_ci NOT NULL,
  `agent` varchar(50) COLLATE utf8mb4_unicode_ci NOT NULL,
  `phone1` varchar(20) COLLATE utf8mb4_unicode_ci DEFAULT NULL,
  `phone2` varchar(20) COLLATE utf8mb4_unicode_ci DEFAULT NULL,
  `encounter` varchar(20) COLLATE utf8mb4_unicode_ci NOT NULL,
  `koeff` double(8,2) NOT NULL DEFAULT '5.80',
  `place_id` int(10) unsigned NOT NULL,
  `status` smallint(6) NOT NULL DEFAULT '1',
  `division_id` int(10) unsigned NOT NULL,
  `created_at` timestamp NOT NULL,
  `updated_at` timestamp NOT NULL DEFAULT CURRENT_TIMESTAMP ON UPDATE CURRENT_TIMESTAMP,
  PRIMARY KEY (`id`),
  UNIQUE KEY `renters_encounter_unique` (`encounter`),
  KEY `renters_place_id_foreign` (`place_id`),
  KEY `renters_division_id_foreign` (`division_id`),
  CONSTRAINT `renters_division_id_foreign` FOREIGN KEY (`division_id`) REFERENCES `divisions` (`id`),
  CONSTRAINT `renters_place_id_foreign` FOREIGN KEY (`place_id`) REFERENCES `places` (`id`)
) ENGINE=InnoDB DEFAULT CHARSET=utf8mb4 COLLATE=utf8mb4_unicode_ci;

-- Дамп данных таблицы poll_db.renters: ~0 rows (приблизительно)
DELETE FROM `renters`;
/*!40000 ALTER TABLE `renters` DISABLE KEYS */;
/*!40000 ALTER TABLE `renters` ENABLE KEYS */;

-- Дамп структуры для таблица poll_db.roles
DROP TABLE IF EXISTS `roles`;
CREATE TABLE IF NOT EXISTS `roles` (
  `id` int(10) unsigned NOT NULL AUTO_INCREMENT,
  `code` varchar(70) COLLATE utf8mb4_unicode_ci NOT NULL,
  `name` varchar(100) COLLATE utf8mb4_unicode_ci NOT NULL,
  `created_at` timestamp NOT NULL,
  `updated_at` timestamp NOT NULL DEFAULT CURRENT_TIMESTAMP ON UPDATE CURRENT_TIMESTAMP,
  PRIMARY KEY (`id`),
  UNIQUE KEY `roles_code_unique` (`code`)
) ENGINE=InnoDB AUTO_INCREMENT=8 DEFAULT CHARSET=utf8mb4 COLLATE=utf8mb4_unicode_ci;

-- Дамп данных таблицы poll_db.roles: ~7 rows (приблизительно)
DELETE FROM `roles`;
/*!40000 ALTER TABLE `roles` DISABLE KEYS */;
INSERT INTO `roles` (`id`, `code`, `name`, `created_at`, `updated_at`) VALUES
	(1, 'admin', 'Администратор', '2020-01-22 17:59:20', '2020-01-22 17:59:20'),
	(2, 'director', 'Директор', '2020-01-23 11:26:28', '2020-01-23 11:26:28'),
	(3, 'manager', 'Менеджер', '2020-01-23 12:01:37', '2020-01-23 12:01:37'),
	(4, 'guard', 'Охрана', '2020-01-23 12:02:39', '2020-01-23 12:02:39'),
	(5, 'energy', 'Энергетик', '2020-01-23 12:03:54', '2020-01-23 12:03:54'),
	(6, 'market', 'Маркетолог', '2020-01-23 12:05:00', '2020-01-23 12:05:00'),
	(7, 'poll', 'Интервьюер', '2020-01-23 12:06:03', '2020-01-23 12:06:03');
/*!40000 ALTER TABLE `roles` ENABLE KEYS */;

-- Дамп структуры для таблица poll_db.role_user
DROP TABLE IF EXISTS `role_user`;
CREATE TABLE IF NOT EXISTS `role_user` (
  `id` int(10) unsigned NOT NULL AUTO_INCREMENT,
  `role_id` int(10) unsigned NOT NULL,
  `user_id` int(10) unsigned NOT NULL,
  `created_at` timestamp NOT NULL,
  `updated_at` timestamp NOT NULL DEFAULT CURRENT_TIMESTAMP ON UPDATE CURRENT_TIMESTAMP,
  PRIMARY KEY (`id`),
  KEY `role_user_role_id_foreign` (`role_id`),
  KEY `role_user_user_id_foreign` (`user_id`),
  CONSTRAINT `role_user_role_id_foreign` FOREIGN KEY (`role_id`) REFERENCES `roles` (`id`),
  CONSTRAINT `role_user_user_id_foreign` FOREIGN KEY (`user_id`) REFERENCES `users` (`id`)
) ENGINE=InnoDB AUTO_INCREMENT=9 DEFAULT CHARSET=utf8mb4 COLLATE=utf8mb4_unicode_ci;

-- Дамп данных таблицы poll_db.role_user: ~6 rows (приблизительно)
DELETE FROM `role_user`;
/*!40000 ALTER TABLE `role_user` DISABLE KEYS */;
INSERT INTO `role_user` (`id`, `role_id`, `user_id`, `created_at`, `updated_at`) VALUES
	(2, 1, 1, '2020-01-23 12:48:13', '2020-01-23 12:48:13'),
	(3, 4, 2, '2020-01-23 13:18:14', '2020-01-23 13:18:14'),
	(4, 5, 3, '2020-01-23 13:28:50', '2020-01-23 13:28:50'),
	(5, 2, 4, '2020-01-23 13:36:03', '2020-01-23 13:36:03'),
	(7, 2, 5, '2020-01-23 13:39:48', '2020-01-23 13:39:48'),
	(8, 3, 6, '2020-01-25 06:41:23', '2020-01-25 06:41:23');
/*!40000 ALTER TABLE `role_user` ENABLE KEYS */;

-- Дамп структуры для таблица poll_db.suppliers
DROP TABLE IF EXISTS `suppliers`;
CREATE TABLE IF NOT EXISTS `suppliers` (
  `id` int(10) unsigned NOT NULL AUTO_INCREMENT,
  `name` varchar(100) COLLATE utf8mb4_unicode_ci NOT NULL,
  `created_at` timestamp NULL DEFAULT NULL,
  `updated_at` timestamp NULL DEFAULT NULL,
  PRIMARY KEY (`id`)
) ENGINE=InnoDB AUTO_INCREMENT=35 DEFAULT CHARSET=utf8mb4 COLLATE=utf8mb4_unicode_ci;

-- Дамп данных таблицы poll_db.suppliers: ~33 rows (приблизительно)
DELETE FROM `suppliers`;
/*!40000 ALTER TABLE `suppliers` DISABLE KEYS */;
INSERT INTO `suppliers` (`id`, `name`, `created_at`, `updated_at`) VALUES
	(1, 'ООО ИТЦ "ФОКС"', '2019-04-16 12:04:54', '2019-04-16 12:04:54'),
	(2, 'ООО "Манго Телеком"', '2019-04-16 12:07:43', '2019-04-16 12:07:43'),
	(3, 'ООО "МВМ"', '2019-04-16 12:08:14', '2019-04-16 12:08:14'),
	(4, 'Дата-центр DEAC', '2019-04-16 13:40:31', '2019-04-16 13:40:31'),
	(5, 'ООО «Веб-Центр»', '2019-04-16 13:48:16', '2019-04-16 13:48:16'),
	(6, 'ООО "Зеро АйТи"', '2019-04-16 13:57:19', '2019-04-16 13:57:19'),
	(8, 'АО «РСИЦ»', '2019-04-16 14:04:05', '2019-04-16 14:04:05'),
	(9, 'ООО "СофтЛайн Интернет Трейд "', '2019-04-16 14:09:00', '2019-04-16 14:09:00'),
	(10, 'ООО "ИИТ"', '2019-04-16 14:14:24', '2019-04-16 14:14:24'),
	(11, 'ООО "АВК-КОННЕКТ"', '2019-04-16 14:21:54', '2019-04-16 14:21:54'),
	(12, 'ООО "Такском"', '2019-04-16 14:24:10', '2019-04-16 14:24:10'),
	(13, 'Тензор', '2019-04-16 14:26:34', '2020-01-26 12:50:55'),
	(14, 'ООО "Информационные технологии и коммуникации"', '2019-04-16 14:28:33', '2019-04-16 14:28:33'),
	(15, 'ООО "Алмател"', '2019-04-16 14:33:27', '2019-04-16 14:33:27'),
	(16, 'Билайн', '2019-04-16 14:35:32', '2019-04-16 14:35:32'),
	(17, 'ООО "Регард МСК"', '2019-04-17 11:54:23', '2020-01-26 12:33:24'),
	(18, 'ООО "Ситилинк"', '2019-04-17 12:02:20', '2019-04-17 12:02:20'),
	(19, 'ООО "Юлплейс"', '2019-04-17 12:03:54', '2019-04-17 12:03:54'),
	(20, 'ООО «ИНТЕРЛИНК»', '2019-04-17 12:05:35', '2019-04-17 12:05:35'),
	(21, 'ООО "ВДГБ:ИТС"', '2019-04-17 12:12:44', '2019-04-17 12:12:44'),
	(22, 'ООО "Сейл Электроникс"', '2019-04-17 12:19:00', '2019-04-17 12:19:00'),
	(23, 'Максим', '2019-04-17 12:28:10', '2019-04-17 12:28:10'),
	(24, 'МТС', '2019-04-17 13:20:35', '2019-04-17 13:20:35'),
	(25, 'SMS.RU', '2019-04-17 13:23:20', '2019-04-17 13:23:20'),
	(26, 'ООО "АйтиКом"', '2019-05-24 13:23:05', '2019-05-24 13:23:05'),
	(27, 'ООО «1С-Битрикс»', '2019-05-24 13:24:52', '2019-05-24 13:24:52'),
	(28, 'Мегафон', '2019-05-28 10:29:18', '2019-05-28 10:29:18'),
	(29, 'ООО "Тим. Компьютерные системы"', '2019-06-05 15:39:54', '2019-06-05 15:39:54'),
	(30, 'ООО "Электроникс-МСК"', '2019-07-26 13:50:07', '2019-07-26 13:50:07'),
	(31, 'ООО "Первый ВПС"', '2019-12-02 15:17:56', '2019-12-02 15:17:56'),
	(32, 'АО "ЭСК" (Первый ОФД)', '2019-12-17 15:29:48', '2019-12-17 15:29:48'),
	(33, 'ООО "СОФТ МАСТЕР"', '2019-12-17 15:33:27', '2019-12-17 15:33:27'),
	(34, 'ООО "Новософт развитие"', '2020-01-16 10:07:43', '2020-01-16 10:07:43');
/*!40000 ALTER TABLE `suppliers` ENABLE KEYS */;

-- Дамп структуры для таблица poll_db.tvsources
DROP TABLE IF EXISTS `tvsources`;
CREATE TABLE IF NOT EXISTS `tvsources` (
  `id` int(10) unsigned NOT NULL AUTO_INCREMENT,
  `name` varchar(80) COLLATE utf8mb4_unicode_ci NOT NULL,
  `created_at` timestamp NOT NULL,
  `updated_at` timestamp NOT NULL DEFAULT CURRENT_TIMESTAMP ON UPDATE CURRENT_TIMESTAMP,
  PRIMARY KEY (`id`)
) ENGINE=InnoDB AUTO_INCREMENT=8 DEFAULT CHARSET=utf8mb4 COLLATE=utf8mb4_unicode_ci;

-- Дамп данных таблицы poll_db.tvsources: ~6 rows (приблизительно)
DELETE FROM `tvsources`;
/*!40000 ALTER TABLE `tvsources` DISABLE KEYS */;
INSERT INTO `tvsources` (`id`, `name`, `created_at`, `updated_at`) VALUES
	(1, 'Рен ТВ', '2020-01-27 10:38:19', '2020-01-27 10:38:19'),
	(2, 'ТВ Центр', '2020-01-27 10:38:31', '2020-01-27 10:38:31'),
	(3, 'Россия 1', '2020-01-27 10:38:44', '2020-01-27 10:38:44'),
	(4, 'Евроньюс', '2020-01-27 10:38:57', '2020-01-27 10:38:57'),
	(5, 'Не помню', '2020-01-27 10:39:08', '2020-01-27 10:39:08'),
	(6, 'Другое (свой вариант)', '2020-01-27 10:39:22', '2020-01-27 10:39:22');
/*!40000 ALTER TABLE `tvsources` ENABLE KEYS */;

-- Дамп структуры для таблица poll_db.unit_groups
DROP TABLE IF EXISTS `unit_groups`;
CREATE TABLE IF NOT EXISTS `unit_groups` (
  `id` int(10) unsigned NOT NULL AUTO_INCREMENT,
  `name` varchar(100) COLLATE utf8mb4_unicode_ci NOT NULL,
  `created_at` timestamp NOT NULL,
  `updated_at` timestamp NOT NULL DEFAULT CURRENT_TIMESTAMP ON UPDATE CURRENT_TIMESTAMP,
  PRIMARY KEY (`id`)
) ENGINE=InnoDB AUTO_INCREMENT=3 DEFAULT CHARSET=utf8mb4 COLLATE=utf8mb4_unicode_ci;

-- Дамп данных таблицы poll_db.unit_groups: ~2 rows (приблизительно)
DELETE FROM `unit_groups`;
/*!40000 ALTER TABLE `unit_groups` DISABLE KEYS */;
INSERT INTO `unit_groups` (`id`, `name`, `created_at`, `updated_at`) VALUES
	(1, 'Выставка МС', '2020-01-26 11:43:19', '2020-01-26 11:43:19'),
	(2, 'Склад', '2020-01-26 11:43:37', '2020-01-26 11:53:01');
/*!40000 ALTER TABLE `unit_groups` ENABLE KEYS */;

-- Дамп структуры для таблица poll_db.users
DROP TABLE IF EXISTS `users`;
CREATE TABLE IF NOT EXISTS `users` (
  `id` int(10) unsigned NOT NULL AUTO_INCREMENT,
  `active` tinyint(1) NOT NULL DEFAULT '0',
  `login` varchar(50) COLLATE utf8mb4_unicode_ci NOT NULL,
  `sex` varchar(50) COLLATE utf8mb4_unicode_ci NOT NULL DEFAULT 'male',
  `image` varchar(100) COLLATE utf8mb4_unicode_ci DEFAULT NULL,
  `auth_code` varchar(100) COLLATE utf8mb4_unicode_ci DEFAULT NULL,
  `name` varchar(255) COLLATE utf8mb4_unicode_ci NOT NULL,
  `email` varchar(255) COLLATE utf8mb4_unicode_ci NOT NULL,
  `email_verified_at` timestamp NULL DEFAULT NULL,
  `password` varchar(255) COLLATE utf8mb4_unicode_ci NOT NULL,
  `remember_token` varchar(100) COLLATE utf8mb4_unicode_ci DEFAULT NULL,
  `created_at` timestamp NOT NULL,
  `updated_at` timestamp NOT NULL DEFAULT CURRENT_TIMESTAMP ON UPDATE CURRENT_TIMESTAMP,
  PRIMARY KEY (`id`),
  UNIQUE KEY `users_login_unique` (`login`),
  UNIQUE KEY `users_email_unique` (`email`)
) ENGINE=InnoDB AUTO_INCREMENT=10 DEFAULT CHARSET=utf8mb4 COLLATE=utf8mb4_unicode_ci;

-- Дамп данных таблицы poll_db.users: ~9 rows (приблизительно)
DELETE FROM `users`;
/*!40000 ALTER TABLE `users` DISABLE KEYS */;
INSERT INTO `users` (`id`, `active`, `login`, `sex`, `image`, `auth_code`, `name`, `email`, `email_verified_at`, `password`, `remember_token`, `created_at`, `updated_at`) VALUES
	(1, 1, 'ircut', 'male', '/images/male.png', NULL, 'Рогатнев А.И.', 'rogatnev@m-strana.ru', NULL, '$2y$10$LnedN6zQ3WcWCPtu71AdpuRW8ZsZBR4CsXqAHPIP7WakiTZoZh3YS', NULL, '2020-01-20 17:34:36', '2020-01-23 16:19:01'),
	(2, 1, 'babenko', 'male', '/images/male.png', NULL, 'Бабенко В.А', 'babenko@m-strana.ru', NULL, '$2y$10$ZRd1wZZhdvKz13Wvndlvi.E5Ys3yoeFkayOhC1RpeCMl7HB/M//SW', NULL, '2020-01-23 13:06:32', '2020-01-23 16:19:18'),
	(3, 1, 'borisenko', 'male', '/images/male.png', 'HWaSseqDm1E30db9', 'Борисенко А.В.', 'borisenko@m-strana.ru', NULL, '$2y$10$oeDI/AqcUeCn/VjyFYFwN.eTS1Na5VHmjvQGu6xwr6inoIiNTJdWu', NULL, '2020-01-23 13:22:53', '2020-01-23 13:29:00'),
	(4, 1, 'lenshin', 'male', '/images/male.png', 'quQMtfVoXYDv68Hy', 'Леньшин И.В.', 'oblako@mirkdt.com', NULL, '$2y$10$QU3qxlZHHYU.5ysy1vG/8ueG8ubgDnS5bWBgM/x9c2NH5u8O1XEfa', NULL, '2020-01-23 13:29:37', '2020-01-23 13:40:04'),
	(5, 1, 'konyahin', 'male', '/images/male.png', 'VJymo9xFgAIDMvTi', 'Коняхин Р.А.', 'konyahin@m-strana.ru', NULL, '$2y$10$x1vORRlgEJaMKaLN4vzLcuXIKlMr8zEPToyNxKRan5Dgff/yPhF7i', NULL, '2020-01-23 13:36:36', '2020-01-23 13:40:00'),
	(6, 1, 'pykhov', 'male', '/images/male.png', 'vX4ikaVAYZfBLIyM', 'Пыхов Н.Н.', 'pykhov@m-strana.ru', NULL, '$2y$10$1mU0MqzMowYDko0/GCp5lOAu5jk3bUEtM2vZRfa/CTvubnAOKjqyO', NULL, '2020-01-25 06:41:09', '2020-01-27 08:39:36'),
	(7, 1, 'antipin', 'male', '/images/male.png', 'aJpEXGb4u7ysAncK', 'Антипин А.Д.', 'antipin@m-strana.ru', NULL, '$2y$10$e0GwaY6vbscts4o9xyAxkugJbTAyX2.QyIbZw1b4uwKwhNd93iwTm', NULL, '2020-01-27 08:30:53', '2020-01-27 08:39:43'),
	(8, 1, 'ovsienko', 'male', '/images/male.png', 'FOj4PTYyow8qNA65', 'Овсиенко А.А.', 'ovsienko@m-strana.ru', NULL, '$2y$10$32atyQaKAAvF7e5MWQukuujox7QMPCQQBVbtEsOEpChJSVj/yPtvG', NULL, '2020-01-27 08:33:20', '2020-01-27 08:39:49'),
	(9, 1, 'stadler', 'female', '/images/female.png', 'RmEJagL8tv5nAy3x', 'Стадлер М.С.', 'stadler@m-strana.ru', NULL, '$2y$10$Nd3YWdZtXspI8MVc1UCDV.skiwSIZn84u1ie0MGOGpIljTNpg4ScG', NULL, '2020-01-27 08:38:38', '2020-01-27 08:39:55');
/*!40000 ALTER TABLE `users` ENABLE KEYS */;

/*!40101 SET SQL_MODE=IFNULL(@OLD_SQL_MODE, '') */;
/*!40014 SET FOREIGN_KEY_CHECKS=IF(@OLD_FOREIGN_KEY_CHECKS IS NULL, 1, @OLD_FOREIGN_KEY_CHECKS) */;
/*!40101 SET CHARACTER_SET_CLIENT=@OLD_CHARACTER_SET_CLIENT */;
