-- --------------------------------------------------------
-- Хост:                         127.0.0.1
-- Версия сервера:               5.7.25 - MySQL Community Server (GPL)
-- Операционная система:         Win64
-- HeidiSQL Версия:              10.2.0.5599
-- --------------------------------------------------------

/*!40101 SET @OLD_CHARACTER_SET_CLIENT=@@CHARACTER_SET_CLIENT */;
/*!40101 SET NAMES utf8 */;
/*!50503 SET NAMES utf8mb4 */;
/*!40014 SET @OLD_FOREIGN_KEY_CHECKS=@@FOREIGN_KEY_CHECKS, FOREIGN_KEY_CHECKS=0 */;
/*!40101 SET @OLD_SQL_MODE=@@SQL_MODE, SQL_MODE='NO_AUTO_VALUE_ON_ZERO' */;

-- Дамп структуры для таблица poll_db.actions
DROP TABLE IF EXISTS `actions`;
CREATE TABLE IF NOT EXISTS `actions` (
  `id` int(10) unsigned NOT NULL AUTO_INCREMENT,
  `code` varchar(70) COLLATE utf8mb4_unicode_ci NOT NULL,
  `name` varchar(100) COLLATE utf8mb4_unicode_ci NOT NULL,
  `created_at` timestamp NOT NULL,
  `updated_at` timestamp NOT NULL DEFAULT CURRENT_TIMESTAMP ON UPDATE CURRENT_TIMESTAMP,
  PRIMARY KEY (`id`),
  UNIQUE KEY `actions_code_unique` (`code`)
) ENGINE=InnoDB AUTO_INCREMENT=15 DEFAULT CHARSET=utf8mb4 COLLATE=utf8mb4_unicode_ci;

-- Дамп данных таблицы poll_db.actions: ~14 rows (приблизительно)
DELETE FROM `actions`;
/*!40000 ALTER TABLE `actions` DISABLE KEYS */;
INSERT INTO `actions` (`id`, `code`, `name`, `created_at`, `updated_at`) VALUES
	(1, 'admin', 'Полный доступ', '2020-01-22 18:15:49', '2020-01-22 18:15:49'),
	(2, 'view_renter', 'Просмотр арендаторов', '2020-01-23 09:52:23', '2020-01-23 12:56:21'),
	(3, 'view_refs', 'Просмотр справочников', '2020-01-23 09:56:56', '2020-01-23 09:56:56'),
	(4, 'view_poll', 'Работа с анкетами', '2020-01-23 09:57:50', '2020-01-23 09:57:50'),
	(5, 'view_report', 'Просмотр общих отчетов', '2020-01-23 09:58:38', '2020-01-23 09:58:38'),
	(6, 'view_energy_report', 'Просмотр отчетов по электроэнергии', '2020-01-23 09:59:10', '2020-01-23 09:59:10'),
	(7, 'view_market_report', 'Просмотр отчетов по маркетингу', '2020-01-23 09:59:43', '2020-01-23 09:59:43'),
	(8, 'edit_renter', 'Добавление и редактирование контрагентов', '2020-01-23 10:00:45', '2020-01-23 10:00:45'),
	(9, 'del_renter', 'Удаление контрагентов', '2020-01-23 10:01:06', '2020-01-23 10:01:06'),
	(10, 'work_energy', 'Работа с задачами энергетика', '2020-01-23 10:02:23', '2020-01-23 10:02:23'),
	(11, 'work_guard', 'Работа с задачами охраны', '2020-01-23 10:02:46', '2020-01-23 10:02:46'),
	(12, 'work_market', 'Работа с задачами маркетинга', '2020-01-23 10:03:22', '2020-01-23 10:03:22'),
	(13, 'export', 'Экспорт данных', '2020-01-23 10:04:11', '2020-01-23 10:04:11'),
	(14, 'import', 'Импорт данных', '2020-01-23 10:04:26', '2020-01-23 10:04:26');
/*!40000 ALTER TABLE `actions` ENABLE KEYS */;

-- Дамп структуры для таблица poll_db.action_role
DROP TABLE IF EXISTS `action_role`;
CREATE TABLE IF NOT EXISTS `action_role` (
  `id` int(10) unsigned NOT NULL AUTO_INCREMENT,
  `action_id` int(10) unsigned NOT NULL,
  `role_id` int(10) unsigned NOT NULL,
  `created_at` timestamp NOT NULL,
  `updated_at` timestamp NOT NULL DEFAULT CURRENT_TIMESTAMP ON UPDATE CURRENT_TIMESTAMP,
  PRIMARY KEY (`id`),
  KEY `action_role_action_id_foreign` (`action_id`),
  KEY `action_role_role_id_foreign` (`role_id`),
  CONSTRAINT `action_role_action_id_foreign` FOREIGN KEY (`action_id`) REFERENCES `actions` (`id`),
  CONSTRAINT `action_role_role_id_foreign` FOREIGN KEY (`role_id`) REFERENCES `roles` (`id`)
) ENGINE=InnoDB AUTO_INCREMENT=34 DEFAULT CHARSET=utf8mb4 COLLATE=utf8mb4_unicode_ci;

-- Дамп данных таблицы poll_db.action_role: ~31 rows (приблизительно)
DELETE FROM `action_role`;
/*!40000 ALTER TABLE `action_role` DISABLE KEYS */;
INSERT INTO `action_role` (`id`, `action_id`, `role_id`, `created_at`, `updated_at`) VALUES
	(3, 1, 1, '2020-01-23 12:00:06', '2020-01-23 12:00:06'),
	(4, 2, 2, '2020-01-23 12:00:47', '2020-01-23 12:00:47'),
	(5, 4, 2, '2020-01-23 12:00:47', '2020-01-23 12:00:47'),
	(6, 5, 2, '2020-01-23 12:00:47', '2020-01-23 12:00:47'),
	(7, 6, 2, '2020-01-23 12:00:47', '2020-01-23 12:00:47'),
	(8, 7, 2, '2020-01-23 12:00:47', '2020-01-23 12:00:47'),
	(9, 13, 2, '2020-01-23 12:00:47', '2020-01-23 12:00:47'),
	(10, 2, 3, '2020-01-23 12:02:16', '2020-01-23 12:02:16'),
	(11, 5, 3, '2020-01-23 12:02:16', '2020-01-23 12:02:16'),
	(12, 6, 3, '2020-01-23 12:02:16', '2020-01-23 12:02:16'),
	(13, 7, 3, '2020-01-23 12:02:16', '2020-01-23 12:02:16'),
	(14, 13, 3, '2020-01-23 12:02:16', '2020-01-23 12:02:16'),
	(15, 2, 4, '2020-01-23 12:03:32', '2020-01-23 12:03:32'),
	(16, 11, 4, '2020-01-23 12:03:32', '2020-01-23 12:03:32'),
	(17, 13, 4, '2020-01-23 12:03:32', '2020-01-23 12:03:32'),
	(18, 14, 4, '2020-01-23 12:03:32', '2020-01-23 12:03:32'),
	(19, 2, 5, '2020-01-23 12:04:27', '2020-01-23 12:04:27'),
	(20, 6, 5, '2020-01-23 12:04:27', '2020-01-23 12:04:27'),
	(21, 8, 5, '2020-01-23 12:04:27', '2020-01-23 12:04:27'),
	(22, 10, 5, '2020-01-23 12:04:27', '2020-01-23 12:04:27'),
	(23, 13, 5, '2020-01-23 12:04:27', '2020-01-23 12:04:27'),
	(24, 14, 5, '2020-01-23 12:04:27', '2020-01-23 12:04:27'),
	(25, 2, 6, '2020-01-23 12:05:46', '2020-01-23 12:05:46'),
	(26, 3, 6, '2020-01-23 12:05:46', '2020-01-23 12:05:46'),
	(27, 4, 6, '2020-01-23 12:05:46', '2020-01-23 12:05:46'),
	(28, 5, 6, '2020-01-23 12:05:46', '2020-01-23 12:05:46'),
	(29, 7, 6, '2020-01-23 12:05:46', '2020-01-23 12:05:46'),
	(30, 12, 6, '2020-01-23 12:05:46', '2020-01-23 12:05:46'),
	(31, 13, 6, '2020-01-23 12:05:46', '2020-01-23 12:05:46'),
	(32, 14, 6, '2020-01-23 12:05:46', '2020-01-23 12:05:46'),
	(33, 4, 7, '2020-01-23 12:06:14', '2020-01-23 12:06:14');
/*!40000 ALTER TABLE `action_role` ENABLE KEYS */;

-- Дамп структуры для таблица poll_db.cities
DROP TABLE IF EXISTS `cities`;
CREATE TABLE IF NOT EXISTS `cities` (
  `id` int(10) unsigned NOT NULL AUTO_INCREMENT,
  `name` varchar(50) COLLATE utf8mb4_unicode_ci NOT NULL,
  `created_at` timestamp NOT NULL,
  `updated_at` timestamp NOT NULL DEFAULT CURRENT_TIMESTAMP ON UPDATE CURRENT_TIMESTAMP,
  PRIMARY KEY (`id`)
) ENGINE=InnoDB AUTO_INCREMENT=80 DEFAULT CHARSET=utf8mb4 COLLATE=utf8mb4_unicode_ci;

-- Дамп данных таблицы poll_db.cities: ~79 rows (приблизительно)
DELETE FROM `cities`;
/*!40000 ALTER TABLE `cities` DISABLE KEYS */;
INSERT INTO `cities` (`id`, `name`, `created_at`, `updated_at`) VALUES
	(1, 'Люберцы', '2017-09-27 21:10:30', '2017-09-27 21:10:37'),
	(2, 'Котельники', '2017-09-27 21:10:30', '2017-09-29 20:49:51'),
	(3, 'Дзержинский', '2017-09-27 21:10:30', '2017-09-27 21:10:37'),
	(4, 'Реутов', '2017-09-27 21:10:30', '2017-09-27 21:10:37'),
	(5, 'Бронницы', '2017-09-27 21:10:30', '2017-09-27 21:10:37'),
	(6, 'Верея', '2017-09-27 21:10:30', '2017-09-27 21:10:37'),
	(7, 'Видное', '2017-09-27 21:10:30', '2017-09-27 21:10:37'),
	(8, 'Волоколамск', '2017-09-27 21:10:30', '2017-09-27 21:10:37'),
	(9, 'Воскресенск', '2017-09-27 21:10:30', '2017-09-27 21:10:37'),
	(10, 'Высоковск', '2017-09-27 21:10:30', '2017-09-27 21:10:37'),
	(11, 'Голицыно', '2017-09-27 21:10:30', '2017-09-27 21:10:37'),
	(12, 'Дмитров', '2017-09-27 21:10:30', '2017-09-27 21:10:37'),
	(13, 'Долгопрудный', '2017-09-27 21:10:30', '2017-09-27 21:10:37'),
	(14, 'Домодедово', '2017-09-27 21:10:30', '2017-09-27 21:10:37'),
	(15, 'Дрезна', '2017-09-27 21:10:30', '2017-09-27 21:10:37'),
	(16, 'Дубна', '2017-09-27 21:10:30', '2017-09-27 21:10:37'),
	(17, 'Егорьевск', '2017-09-27 21:10:30', '2017-09-27 21:10:37'),
	(18, 'Железнодорожный', '2017-09-27 21:10:30', '2017-09-27 21:10:37'),
	(19, 'Жуковский', '2017-09-27 21:10:30', '2017-09-27 21:10:37'),
	(20, 'Зарайск', '2017-09-27 21:10:30', '2017-09-27 21:10:37'),
	(21, 'Звенигород', '2017-09-27 21:10:30', '2017-09-27 21:10:37'),
	(22, 'Зеленоград', '2017-09-27 21:10:30', '2017-09-27 21:10:37'),
	(23, 'Ивантеевка', '2017-09-27 21:10:30', '2017-09-27 21:10:37'),
	(24, 'Истра', '2017-09-27 21:10:30', '2017-09-27 21:10:37'),
	(25, 'Кашира', '2017-09-27 21:10:30', '2017-09-27 21:10:37'),
	(26, 'Климовск', '2017-09-27 21:10:30', '2017-09-27 21:10:37'),
	(27, 'Клин', '2017-09-27 21:10:30', '2017-09-27 21:10:37'),
	(28, 'Коломна', '2017-09-27 21:10:30', '2017-09-27 21:10:37'),
	(29, 'Королев', '2017-09-27 21:10:30', '2017-09-27 21:10:37'),
	(30, 'Красноармейск', '2017-09-27 21:10:30', '2017-09-27 21:10:37'),
	(31, 'Красногорск', '2017-09-27 21:10:30', '2017-09-27 21:10:37'),
	(32, 'Краснозаводск', '2017-09-27 21:10:30', '2017-09-27 21:10:37'),
	(33, 'Краснознаменск', '2017-09-27 21:10:30', '2017-09-27 21:10:37'),
	(34, 'Кубинка', '2017-09-27 21:10:30', '2017-09-27 21:10:37'),
	(35, 'Куровское', '2017-09-27 21:10:30', '2017-09-27 21:10:37'),
	(36, 'Ликино-Дулево', '2017-09-27 21:10:30', '2017-09-27 21:10:37'),
	(37, 'Лобня', '2017-09-27 21:10:30', '2017-09-27 21:10:37'),
	(38, 'Лосино-Петровский', '2017-09-27 21:10:30', '2017-09-27 21:10:37'),
	(39, 'Луховицы', '2017-09-27 21:10:30', '2017-09-27 21:10:37'),
	(40, 'Лыткарино', '2017-09-27 21:10:30', '2017-09-27 21:10:37'),
	(41, 'Можайск', '2017-09-27 21:10:30', '2017-09-27 21:10:37'),
	(42, 'Мытищи', '2017-09-27 21:10:30', '2017-09-27 21:10:37'),
	(43, 'Наро-Фоминск', '2017-09-27 21:10:30', '2017-09-27 21:10:37'),
	(44, 'Ногинск', '2017-09-27 21:10:30', '2017-09-27 21:10:37'),
	(45, 'Одинцово', '2017-09-27 21:10:30', '2017-09-27 21:10:37'),
	(46, 'Ожерелье', '2017-09-27 21:10:30', '2017-09-27 21:10:37'),
	(47, 'Озеры', '2017-09-27 21:10:30', '2017-09-27 21:10:37'),
	(48, 'Орехово-Зуево', '2017-09-27 21:10:30', '2017-09-27 21:10:37'),
	(49, 'Павловский Посад', '2017-09-27 21:10:30', '2017-09-27 21:10:37'),
	(50, 'Подольск', '2017-09-27 21:10:30', '2017-09-27 21:10:37'),
	(51, 'Протвино', '2017-09-27 21:10:30', '2017-09-27 21:10:37'),
	(52, 'Пушкино', '2017-09-27 21:10:30', '2017-09-27 21:10:37'),
	(53, 'Пущино', '2017-09-27 21:10:30', '2017-09-27 21:10:37'),
	(54, 'Раменское', '2017-09-27 21:10:30', '2017-09-27 21:10:37'),
	(55, 'Рошаль', '2017-09-27 21:10:30', '2017-09-27 21:10:37'),
	(56, 'Руза', '2017-09-27 21:10:30', '2017-09-27 21:10:37'),
	(57, 'Сергиев Посад', '2017-09-27 21:10:30', '2017-09-27 21:10:37'),
	(58, 'Серпухов', '2017-09-27 21:10:30', '2017-09-27 21:10:37'),
	(59, 'Солнечногорск', '2017-09-27 21:10:30', '2017-09-27 21:10:37'),
	(60, 'Стремилово', '2017-09-27 21:10:30', '2017-09-27 21:10:37'),
	(61, 'Ступино', '2017-09-27 21:10:30', '2017-09-27 21:10:37'),
	(62, 'Сходня', '2017-09-27 21:10:30', '2017-09-27 21:10:37'),
	(63, 'Талдом', '2017-09-27 21:10:30', '2017-09-27 21:10:37'),
	(64, 'Троицк', '2017-09-27 21:10:30', '2017-09-27 21:10:37'),
	(65, 'Фрязино', '2017-09-27 21:10:30', '2017-09-27 21:10:37'),
	(66, 'Химки', '2017-09-27 21:10:30', '2017-09-27 21:10:37'),
	(67, 'Хотьково', '2017-09-27 21:10:30', '2017-09-27 21:10:37'),
	(68, 'Черноголовка', '2017-09-27 21:10:30', '2017-09-27 21:10:37'),
	(69, 'Чехов', '2017-09-27 21:10:30', '2017-09-27 21:10:37'),
	(70, 'Шатура', '2017-09-27 21:10:30', '2017-09-27 21:10:37'),
	(71, 'Щелково', '2017-09-27 21:10:30', '2017-09-27 21:10:37'),
	(72, 'Щербинка', '2017-09-27 21:10:30', '2017-09-27 21:10:37'),
	(73, 'Электрогорск', '2017-09-27 21:10:30', '2017-09-27 21:10:37'),
	(74, 'Электросталь', '2017-09-27 21:10:30', '2017-09-27 21:10:37'),
	(75, 'Электроугли', '2017-09-27 21:10:30', '2017-09-27 21:10:37'),
	(76, 'Юбилейный', '2017-09-27 21:10:30', '2017-09-27 21:10:37'),
	(77, 'Яхрома', '2017-09-27 21:10:30', '2017-09-27 21:10:37'),
	(78, 'Балашиха', '2017-09-27 21:10:30', '2017-09-27 21:10:37'),
	(79, 'Апрелевка', '2017-09-27 21:10:30', '2017-09-27 21:10:37');
/*!40000 ALTER TABLE `cities` ENABLE KEYS */;

-- Дамп структуры для таблица poll_db.connections
DROP TABLE IF EXISTS `connections`;
CREATE TABLE IF NOT EXISTS `connections` (
  `id` int(10) unsigned NOT NULL AUTO_INCREMENT,
  `renter_id` int(10) unsigned NOT NULL,
  `date_on` date DEFAULT NULL,
  `type` varchar(7) COLLATE utf8mb4_unicode_ci NOT NULL DEFAULT 'dynamic',
  `comment` varchar(200) COLLATE utf8mb4_unicode_ci DEFAULT NULL,
  `created_at` timestamp NOT NULL,
  `updated_at` timestamp NOT NULL DEFAULT CURRENT_TIMESTAMP ON UPDATE CURRENT_TIMESTAMP,
  PRIMARY KEY (`id`),
  KEY `connections_renter_id_foreign` (`renter_id`),
  CONSTRAINT `connections_renter_id_foreign` FOREIGN KEY (`renter_id`) REFERENCES `renters` (`id`)
) ENGINE=InnoDB AUTO_INCREMENT=47 DEFAULT CHARSET=utf8mb4 COLLATE=utf8mb4_unicode_ci;

-- Дамп данных таблицы poll_db.connections: ~36 rows (приблизительно)
DELETE FROM `connections`;
/*!40000 ALTER TABLE `connections` DISABLE KEYS */;
INSERT INTO `connections` (`id`, `renter_id`, `date_on`, `type`, `comment`, `created_at`, `updated_at`) VALUES
	(1, 76, '2016-01-01', 'dynamic', 'нет точной даты подключения', '2018-10-10 09:58:42', '2018-10-10 10:04:36'),
	(2, 75, '2018-01-01', 'dynamic', 'нет точной даты подключения', '2018-10-10 10:04:25', '0000-00-00 00:00:00'),
	(3, 3, '2017-10-16', 'dynamic', '', '2018-10-10 10:05:53', '0000-00-00 00:00:00'),
	(4, 5, '2017-07-03', 'dynamic', '', '2018-10-10 10:07:19', '0000-00-00 00:00:00'),
	(6, 10, '2018-06-01', 'dynamic', 'нет точной даты подключения', '2018-10-10 10:10:21', '0000-00-00 00:00:00'),
	(7, 11, '2016-01-01', 'dynamic', 'нет точной даты подключения', '2018-10-10 10:11:51', '0000-00-00 00:00:00'),
	(8, 12, '2016-01-01', 'dynamic', 'нет точной даты подключения', '2018-10-10 10:13:28', '0000-00-00 00:00:00'),
	(9, 13, '2016-01-01', 'static', 'нет точной даты подключения', '2018-10-10 10:14:07', '0000-00-00 00:00:00'),
	(11, 16, '2016-01-01', 'dynamic', 'нет точной даты подключения', '2018-10-10 10:16:07', '0000-00-00 00:00:00'),
	(12, 19, '2016-01-01', 'static', 'нет точной даты подключения', '2018-10-10 10:17:16', '0000-00-00 00:00:00'),
	(13, 141, '2017-10-11', 'static', 'с 01.07.19', '2018-10-10 10:18:40', '2019-07-02 13:30:42'),
	(14, 20, '2016-01-01', 'dynamic', 'нет точной даты подключения', '2018-10-10 10:19:17', '0000-00-00 00:00:00'),
	(15, 123, '2017-02-22', 'dynamic', '', '2018-10-10 10:20:33', '2018-10-10 10:24:38'),
	(16, 22, '2016-01-01', 'dynamic', 'нет точной даты подключения', '2018-10-10 10:21:06', '0000-00-00 00:00:00'),
	(19, 103, '2017-04-17', 'dynamic', '', '2018-10-10 10:29:08', '0000-00-00 00:00:00'),
	(21, 100, '2017-04-27', 'dynamic', '', '2018-10-10 10:30:31', '2018-10-18 09:53:04'),
	(23, 34, '2017-01-01', 'dynamic', 'нет точной даты подключения', '2018-10-10 10:32:34', '0000-00-00 00:00:00'),
	(24, 160, '2018-07-26', 'dynamic', '', '2018-10-10 10:33:30', '0000-00-00 00:00:00'),
	(25, 74, '2017-01-01', 'dynamic', 'нет точной даты подключения', '2018-10-10 10:35:17', '0000-00-00 00:00:00'),
	(26, 181, '2018-03-28', 'dynamic', '', '2018-10-10 10:36:33', '0000-00-00 00:00:00'),
	(27, 164, '2018-04-12', 'dynamic', '', '2018-10-10 10:37:35', '0000-00-00 00:00:00'),
	(30, 171, '2018-05-31', 'dynamic', '', '2018-10-10 11:04:57', '0000-00-00 00:00:00'),
	(31, 92, '2018-04-04', 'dynamic', '', '2018-10-10 11:06:49', '0000-00-00 00:00:00'),
	(33, 200, '2018-12-12', 'dynamic', '', '2018-12-12 11:41:27', '0000-00-00 00:00:00'),
	(34, 191, '2019-02-19', 'dynamic', 'нет точной даты подключения', '2019-02-19 12:47:53', '0000-00-00 00:00:00'),
	(36, 198, '2019-04-08', 'dynamic', '', '2019-04-08 12:02:01', '0000-00-00 00:00:00'),
	(37, 217, '2017-09-01', 'dynamic', '', '2019-04-15 15:35:01', '2019-12-24 14:37:08'),
	(38, 188, '2018-12-26', 'dynamic', '', '2019-04-15 15:35:25', '0000-00-00 00:00:00'),
	(39, 212, '2019-05-21', 'dynamic', '', '2019-05-21 13:38:49', '0000-00-00 00:00:00'),
	(40, 209, '2019-05-28', 'dynamic', '', '2019-05-28 12:40:51', '0000-00-00 00:00:00'),
	(41, 199, '2019-08-20', 'dynamic', '', '2019-08-20 12:00:27', '0000-00-00 00:00:00'),
	(42, 227, '2019-09-18', 'dynamic', '', '2019-10-02 13:15:25', '0000-00-00 00:00:00'),
	(43, 228, '2019-10-15', 'dynamic', '', '2019-10-15 10:29:16', '0000-00-00 00:00:00'),
	(44, 225, '2019-12-04', 'dynamic', '', '2019-12-04 13:56:46', '0000-00-00 00:00:00'),
	(45, 210, '2019-12-10', 'dynamic', '', '2019-12-10 15:17:10', '0000-00-00 00:00:00'),
	(46, 218, '2019-12-11', 'dynamic', '', '2019-12-11 15:54:02', '0000-00-00 00:00:00');
/*!40000 ALTER TABLE `connections` ENABLE KEYS */;

-- Дамп структуры для таблица poll_db.costs
DROP TABLE IF EXISTS `costs`;
CREATE TABLE IF NOT EXISTS `costs` (
  `id` int(10) unsigned NOT NULL AUTO_INCREMENT,
  `supplier_id` int(10) unsigned NOT NULL,
  `name` varchar(150) COLLATE utf8mb4_unicode_ci NOT NULL,
  `price` double(8,2) NOT NULL,
  `unitgroup_id` int(10) unsigned NOT NULL,
  `expense_id` int(10) unsigned NOT NULL,
  `created_at` timestamp NOT NULL,
  `updated_at` timestamp NOT NULL DEFAULT CURRENT_TIMESTAMP ON UPDATE CURRENT_TIMESTAMP,
  PRIMARY KEY (`id`),
  KEY `costs_supplier_id_foreign` (`supplier_id`),
  KEY `costs_unitgroup_id_foreign` (`unitgroup_id`),
  KEY `costs_expense_id_foreign` (`expense_id`),
  CONSTRAINT `costs_expense_id_foreign` FOREIGN KEY (`expense_id`) REFERENCES `expenses` (`id`),
  CONSTRAINT `costs_supplier_id_foreign` FOREIGN KEY (`supplier_id`) REFERENCES `suppliers` (`id`),
  CONSTRAINT `costs_unitgroup_id_foreign` FOREIGN KEY (`unitgroup_id`) REFERENCES `unit_groups` (`id`)
) ENGINE=InnoDB AUTO_INCREMENT=112 DEFAULT CHARSET=utf8mb4 COLLATE=utf8mb4_unicode_ci;

-- Дамп данных таблицы poll_db.costs: ~111 rows (приблизительно)
DELETE FROM `costs`;
/*!40000 ALTER TABLE `costs` DISABLE KEYS */;
INSERT INTO `costs` (`id`, `supplier_id`, `name`, `price`, `unitgroup_id`, `expense_id`, `created_at`, `updated_at`) VALUES
	(1, 2, 'IP телефония МАНГО', 30000.00, 1, 1, '2018-04-16 12:34:38', '2019-04-16 12:34:38'),
	(2, 4, 'Услуги ДЦ DEAC', 173531.00, 1, 1, '2018-04-16 13:46:47', '2019-04-16 13:46:47'),
	(3, 5, 'Продление лицензии Битрикс24 на год', 86199.00, 1, 1, '2018-04-16 13:51:05', '2019-04-16 13:51:05'),
	(4, 6, 'Лицензии Office 365', 20400.00, 1, 1, '2018-04-16 13:59:26', '2019-04-16 13:59:26'),
	(5, 1, '1C ИТС подписка на год', 12528.00, 1, 1, '2018-04-16 14:01:16', '2019-04-16 14:01:16'),
	(6, 8, 'Продление домена mirkdt.com', 1940.00, 1, 1, '2018-04-16 14:05:29', '2019-04-16 14:05:29'),
	(7, 9, 'Антивирус Касперского, годовая лицензия', 7680.00, 1, 1, '2018-04-16 14:10:07', '2019-04-16 14:10:07'),
	(8, 1, 'Заправка картриджей и обслуживание оргтехники', 27820.00, 1, 2, '2018-04-16 14:11:20', '2019-04-16 14:11:20'),
	(9, 10, 'Хостинг сайта m-strana.ru', 78300.00, 1, 2, '2018-04-16 14:15:38', '2019-04-16 14:15:38'),
	(10, 5, 'Лицензия 1С Битрикс "Управление сайтом" для m-strana.ru', 11638.00, 1, 2, '2018-04-16 14:19:40', '2019-04-16 14:19:40'),
	(11, 8, 'Продление доменов m-strana.ru и kasis.ru', 1640.00, 1, 2, '2018-04-16 14:21:06', '2019-04-16 14:21:06'),
	(12, 11, 'Интернет на МС', 93000.00, 1, 2, '2018-04-16 14:22:29', '2019-04-16 14:22:29'),
	(13, 12, 'Такском ЛЛГ', 28950.00, 1, 2, '2018-04-16 14:24:52', '2019-04-16 14:24:52'),
	(14, 12, 'Такском КРА', 13980.00, 1, 2, '2018-04-16 14:25:51', '2019-04-16 14:25:51'),
	(15, 13, 'Тензор ЛЛГ', 2150.00, 1, 2, '2018-04-16 14:27:13', '2019-04-16 14:27:13'),
	(16, 14, 'Доработка функционала Битрикс24', 42000.00, 1, 2, '2018-04-16 14:29:17', '2019-04-16 14:29:17'),
	(17, 3, 'Приобретение новой техники', 578000.00, 1, 2, '2018-04-16 14:30:20', '2019-04-16 14:30:20'),
	(18, 12, 'Такском ЛИВ', 28950.00, 2, 3, '2018-04-16 14:31:14', '2019-04-16 14:31:14'),
	(19, 1, 'Заправка картриджей и обслуживание оргтехники', 7800.00, 2, 3, '2018-04-16 14:31:54', '2019-04-16 14:31:54'),
	(20, 16, 'Интернет офис - цоколь Молодогвардейская', 7800.00, 2, 3, '2018-04-16 14:36:42', '2019-04-16 14:36:42'),
	(21, 15, 'Интернет офис - квартира Молодогвардейская', 8160.00, 2, 3, '2018-04-16 14:37:42', '2019-04-16 14:37:42'),
	(22, 11, 'Интернет на МС', 7750.00, 1, 2, '2019-04-17 11:53:13', '2019-04-17 11:53:13'),
	(23, 17, 'Приобретение новой техники', 6050.00, 1, 2, '2019-04-17 11:56:03', '2019-04-17 11:56:03'),
	(24, 11, 'Интернет на МС', 7750.00, 1, 2, '2019-04-17 11:57:14', '2019-04-17 11:57:14'),
	(25, 9, 'Антивирус для ЛИВ и ЛЛГ', 1490.00, 2, 3, '2019-04-17 11:58:48', '2019-04-17 11:58:48'),
	(26, 17, 'Приобретение новой техники', 6460.00, 1, 2, '2019-04-17 12:01:25', '2019-04-17 12:01:25'),
	(27, 18, 'Приобретение новой техники', 49720.00, 1, 2, '2019-04-17 12:03:02', '2019-04-17 12:03:02'),
	(28, 19, 'Приобретение новой техники', 13970.00, 2, 3, '2019-04-17 12:04:29', '2019-04-17 12:04:29'),
	(29, 20, 'Приобретение новой техники', 132350.00, 1, 2, '2019-04-17 12:06:34', '2019-04-17 12:06:34'),
	(30, 11, 'Интернет на МС', 7750.00, 1, 2, '2019-04-17 12:08:47', '2019-04-17 12:08:47'),
	(31, 14, 'Доработка функционала Битрикс24', 2800.00, 1, 2, '2019-04-17 12:10:19', '2019-04-17 12:10:19'),
	(32, 9, 'Антивирус Касперского, годовая лицензия', 8448.00, 1, 1, '2019-04-17 12:11:37', '2019-04-17 12:11:37'),
	(33, 21, 'Доработка функционала 1С', 3000.00, 1, 2, '2019-04-17 12:13:45', '2019-04-17 12:13:45'),
	(34, 1, 'Заправка картриджей и обслуживание оргтехники', 1100.00, 1, 2, '2019-04-17 12:14:55', '2019-04-17 12:14:55'),
	(35, 11, 'Интернет на МС', 7750.00, 1, 2, '2019-04-17 12:16:29', '2019-04-17 12:16:29'),
	(36, 3, 'Приобретение новой техники', 5990.00, 1, 2, '2019-04-17 12:17:55', '2019-04-17 12:17:55'),
	(37, 22, 'Приобретение новой техники', 9352.00, 1, 2, '2019-04-17 12:19:31', '2019-04-17 12:19:31'),
	(38, 8, 'Продление домена m-strana.ru', 890.00, 1, 2, '2019-04-17 12:21:37', '2019-04-17 12:21:37'),
	(39, 2, 'IP телефония МАНГО', 25000.00, 1, 1, '2019-04-17 12:22:56', '2019-04-17 12:22:56'),
	(40, 22, 'Приобретение новой техники', 9270.00, 1, 2, '2019-04-17 12:23:28', '2019-04-17 12:23:28'),
	(41, 3, 'Приобретение новой техники', 5990.00, 1, 2, '2019-04-17 12:26:37', '2019-04-17 12:26:37'),
	(42, 6, 'Лицензии Office 365', 8160.00, 1, 2, '2019-04-17 12:27:44', '2019-04-17 12:27:44'),
	(43, 23, 'Приобретение новой техники', 143000.00, 1, 2, '2019-04-17 12:28:54', '2019-04-17 12:28:54'),
	(44, 23, 'Приобретение новой техники', 175000.00, 1, 2, '2019-04-17 12:29:11', '2019-04-17 12:29:11'),
	(45, 4, 'Услуги ДЦ DEAC', 26131.00, 1, 1, '2019-04-17 12:37:43', '2019-04-17 12:37:43'),
	(46, 8, 'Продление домена kasis.ru', 890.00, 1, 1, '2019-04-17 13:19:39', '2019-04-17 13:19:39'),
	(47, 24, 'Модем GSM МС', 1050.00, 1, 1, '2019-04-17 13:21:18', '2019-04-17 13:21:18'),
	(48, 8, 'Продление DNS kasis.ru', 750.00, 1, 1, '2019-04-17 13:22:52', '2019-04-17 13:22:52'),
	(49, 25, 'Оплата за сервис СМС', 1000.00, 1, 2, '2019-04-17 13:24:12', '2019-04-17 13:24:12'),
	(50, 3, 'Приобретение новой техники', 990.00, 1, 2, '2019-04-17 13:24:50', '2019-04-17 13:24:50'),
	(51, 11, 'Интернет на МС', 8200.00, 1, 2, '2019-05-07 10:08:38', '2019-05-07 10:08:38'),
	(52, 11, 'Подключение дополнительного IP', 1000.00, 1, 2, '2019-05-07 10:09:27', '2019-05-07 10:09:27'),
	(53, 1, 'Заправка картриджей и обслуживание оргтехники', 500.00, 2, 3, '2019-05-14 14:44:12', '2019-05-14 14:44:12'),
	(54, 1, 'Заправка картриджей и обслуживание оргтехники', 1200.00, 1, 2, '2019-05-14 14:44:34', '2019-05-14 14:44:34'),
	(55, 15, 'Интернет офис - квартира Молодогвардейская', 590.00, 2, 3, '2019-05-23 20:49:47', '2019-05-23 20:49:47'),
	(56, 16, 'Интернет офис - квартира Молодогвардейская', 670.00, 2, 3, '2019-05-23 20:50:12', '2019-05-23 20:50:12'),
	(57, 27, 'Лицензия 1С Битрикс "Управление сайтом" для m-strana.ru', 11638.00, 1, 2, '2019-05-24 13:26:13', '2019-05-24 13:26:13'),
	(58, 28, 'Сотовый номер для клиент-банка', 500.00, 1, 2, '2019-05-28 10:30:12', '2019-05-28 10:30:12'),
	(59, 29, 'Приобретение новой техники', 165468.00, 1, 2, '2019-06-05 15:40:45', '2019-06-05 15:40:45'),
	(60, 1, 'Заправка картриджей и обслуживание оргтехники', 5260.00, 1, 2, '2019-06-05 15:42:01', '2019-06-05 15:42:01'),
	(61, 11, 'Интернет на МС', 8200.00, 1, 2, '2019-06-05 15:42:32', '2019-06-05 15:42:32'),
	(62, 15, 'Интернет офис - квартира Молодогвардейская', 570.00, 2, 3, '2019-06-17 15:47:45', '2019-06-17 15:47:45'),
	(63, 16, 'Интернет офис - цоколь Молодогвардейская', 670.00, 2, 3, '2019-06-17 15:48:07', '2019-06-17 15:48:07'),
	(64, 1, 'Заправка картриджей и обслуживание оргтехники', 1100.00, 1, 2, '2019-06-20 11:11:48', '2019-06-20 11:11:48'),
	(65, 24, 'Мобильный интернет для интервьюера МС', 500.00, 1, 2, '2019-06-20 11:13:35', '2019-06-20 11:13:35'),
	(66, 8, 'Сертификат SSL для сайта m-strana.ru', 5670.00, 1, 2, '2019-07-15 13:29:24', '2019-07-15 13:29:24'),
	(67, 15, 'Интернет офис - квартира Молодогвардейская', 534.00, 2, 3, '2019-07-15 14:38:50', '2019-07-15 14:38:50'),
	(68, 16, 'Интернет офис - цоколь Молодогвардейская', 670.00, 2, 3, '2019-07-16 11:48:23', '2019-07-16 11:48:23'),
	(69, 6, 'Лицензии Office 365', 8160.00, 1, 2, '2019-07-16 12:06:35', '2019-07-16 12:06:35'),
	(70, 30, 'Расходные материалы ИТ (кабельная продукция)', 5490.00, 1, 2, '2019-07-26 13:53:11', '2019-07-26 13:53:11'),
	(71, 16, 'Интернет офис - цоколь Молодогвардейская', 670.00, 2, 3, '2019-08-14 14:59:09', '2019-08-14 14:59:09'),
	(72, 15, 'Интернет офис - квартира Молодогвардейская', 550.00, 2, 3, '2019-08-14 15:00:10', '2019-08-14 15:00:10'),
	(73, 11, 'Интернет на МС', 9350.00, 1, 2, '2019-09-02 14:14:59', '2019-09-02 14:14:59'),
	(74, 17, 'Приобретение новой техники', 6390.00, 1, 2, '2019-09-02 14:23:00', '2019-09-02 14:23:00'),
	(75, 17, 'Приобретение новой техники', 7410.00, 2, 3, '2019-09-02 14:23:28', '2019-09-02 14:23:28'),
	(76, 16, 'Интернет офис - цоколь Молодогвардейская', 670.00, 2, 3, '2019-09-16 12:13:36', '2019-09-16 12:13:36'),
	(77, 27, 'Продление SIP-коннектора Битрикс24 на год', 11880.00, 1, 1, '2019-09-18 15:07:09', '2019-09-18 15:07:09'),
	(78, 1, 'Заправка картриджей и обслуживание оргтехники', 600.00, 1, 2, '2019-10-04 13:08:16', '2019-10-04 13:08:16'),
	(79, 8, 'Продление домена и DNS mirkdt.com', 2430.00, 1, 1, '2019-10-04 13:10:55', '2019-10-04 13:10:55'),
	(80, 24, 'Мобильный интернет для интервьюера МС', 400.00, 1, 2, '2019-10-13 07:43:08', '2019-10-13 07:43:08'),
	(81, 15, 'Интернет офис - квартира Молодогвардейская', 590.00, 2, 3, '2019-10-13 07:44:28', '2019-10-13 07:44:28'),
	(82, 16, 'Интернет офис - цоколь Молодогвардейская', 670.00, 2, 3, '2019-10-17 16:51:53', '2019-10-17 16:51:53'),
	(83, 11, 'Интернет на МС', 24800.00, 1, 2, '2019-10-31 17:38:08', '2019-10-31 17:38:08'),
	(84, 1, 'Заправка картриджей и обслуживание оргтехники', 600.00, 1, 2, '2019-10-31 17:39:08', '2019-10-31 17:39:08'),
	(85, 3, 'Приобретение новой техники', 8490.00, 1, 2, '2019-11-05 14:05:50', '2019-11-05 14:05:50'),
	(86, 11, 'Интернет на МС', 9350.00, 1, 2, '2019-11-05 14:06:31', '2019-11-05 14:06:31'),
	(87, 5, 'Лицензия 1С Битрикс24', 30580.00, 1, 1, '2019-11-05 14:09:43', '2019-11-05 14:09:43'),
	(88, 15, 'Интернет офис - квартира Молодогвардейская', 580.00, 2, 3, '2019-11-12 18:46:47', '2019-11-12 18:46:47'),
	(89, 16, 'Интернет офис - цоколь Молодогвардейская', 670.00, 2, 3, '2019-11-12 18:47:09', '2019-11-12 18:47:09'),
	(90, 6, 'Лицензии Office 365', 32529.60, 1, 2, '2019-11-12 18:50:31', '2019-11-12 18:50:31'),
	(91, 3, 'Приобретение новой техники', 8490.00, 1, 2, '2019-11-12 18:51:29', '2019-11-12 18:51:29'),
	(92, 31, 'Оплата бэкапов хостинга сайта m-strana.ru', 17280.00, 1, 2, '2019-12-02 15:19:00', '2019-12-02 15:19:00'),
	(93, 21, 'Продление договора ИТС 1С на год', 14280.00, 1, 2, '2019-12-04 10:50:12', '2019-12-04 10:50:12'),
	(94, 8, 'Продление DNS m-strana.ru', 750.00, 1, 2, '2019-12-04 11:11:45', '2019-12-04 11:11:45'),
	(95, 1, 'Заправка картриджей и обслуживание оргтехники', 1000.00, 2, 3, '2019-12-04 11:22:47', '2019-12-04 11:22:47'),
	(96, 15, 'Интернет офис - квартира Молодогвардейская', 580.00, 2, 3, '2019-12-08 13:30:04', '2019-12-08 13:30:04'),
	(97, 16, 'Интернет офис - цоколь Молодогвардейская', 670.00, 2, 3, '2019-12-08 13:30:32', '2019-12-08 13:30:32'),
	(98, 11, 'Интернет на МС', 9350.00, 1, 2, '2019-12-12 20:11:29', '2019-12-12 20:11:29'),
	(99, 4, 'Услуги ДЦ DEAC', 5911.42, 1, 1, '2019-12-12 20:19:35', '2019-12-12 20:19:35'),
	(100, 32, 'За оказание услуг по обработке фискальных данных по договору № 473298 (отправка чеков по смс)', 3000.00, 1, 2, '2019-12-17 15:30:59', '2019-12-17 15:30:59'),
	(101, 31, 'Хостинг сайта m-strana.ru', 132300.00, 1, 2, '2019-12-17 15:32:35', '2019-12-17 15:32:35'),
	(102, 33, 'Приобретение новой техники', 14540.00, 1, 2, '2019-12-17 15:35:37', '2019-12-17 15:35:37'),
	(103, 28, 'Модем GSM МС', 750.00, 1, 1, '2019-12-28 12:07:57', '2019-12-28 12:07:57'),
	(104, 15, 'Интернет офис - квартира Молодогвардейская', 600.00, 2, 3, '2020-01-03 12:08:02', '2020-01-03 12:08:02'),
	(105, 16, 'Интернет офис - цоколь Молодогвардейская', 670.00, 2, 3, '2020-01-03 12:28:36', '2020-01-03 12:28:36'),
	(106, 4, 'Услуги ДЦ DEAC', 5306.00, 1, 1, '2020-01-03 12:38:33', '2020-01-03 12:38:33'),
	(107, 1, 'Заправка картриджей и обслуживание оргтехники', 1600.00, 1, 1, '2020-01-16 10:06:27', '2020-01-16 10:06:27'),
	(108, 34, 'ПО для бэкапов 1С', 2900.00, 1, 2, '2020-01-16 10:08:32', '2020-01-16 10:08:32'),
	(109, 8, 'Продление домена kasis.ru', 1940.00, 1, 1, '2020-01-21 20:49:14', '2020-01-21 20:49:14'),
	(110, 11, 'Интернет на МС', 9350.00, 1, 2, '2020-01-25 09:25:40', '2020-01-25 09:25:40'),
	(111, 9, 'Годовая лицензия KAV для ЛИВ_ЛЛГ', 1350.00, 2, 3, '2020-01-25 09:27:49', '2020-01-26 14:03:05');
/*!40000 ALTER TABLE `costs` ENABLE KEYS */;

-- Дамп структуры для таблица poll_db.describers
DROP TABLE IF EXISTS `describers`;
CREATE TABLE IF NOT EXISTS `describers` (
  `id` int(10) unsigned NOT NULL AUTO_INCREMENT,
  `email` varchar(50) COLLATE utf8mb4_unicode_ci NOT NULL DEFAULT '',
  `status` tinyint(4) NOT NULL DEFAULT '0',
  `created_at` timestamp NOT NULL,
  `updated_at` timestamp NOT NULL DEFAULT CURRENT_TIMESTAMP ON UPDATE CURRENT_TIMESTAMP,
  PRIMARY KEY (`id`)
) ENGINE=InnoDB AUTO_INCREMENT=5 DEFAULT CHARSET=utf8mb4 COLLATE=utf8mb4_unicode_ci;

-- Дамп данных таблицы poll_db.describers: ~4 rows (приблизительно)
DELETE FROM `describers`;
/*!40000 ALTER TABLE `describers` DISABLE KEYS */;
INSERT INTO `describers` (`id`, `email`, `status`, `created_at`, `updated_at`) VALUES
	(1, 'rogatnev@m-strana.ru', 1, '2020-01-25 13:12:55', '2020-01-25 13:12:55'),
	(2, 'shmeleva@m-strana.ru', 0, '2020-01-25 13:16:21', '2020-01-28 11:37:57'),
	(3, 'borisenko@m-strana.ru', 0, '2020-01-25 13:16:33', '2020-01-28 11:37:54'),
	(4, 'stadler@m-strana.ru', 1, '2020-01-25 13:16:51', '2020-01-25 13:30:46');
/*!40000 ALTER TABLE `describers` ENABLE KEYS */;

-- Дамп структуры для таблица poll_db.divisions
DROP TABLE IF EXISTS `divisions`;
CREATE TABLE IF NOT EXISTS `divisions` (
  `id` int(10) unsigned NOT NULL AUTO_INCREMENT,
  `name` varchar(50) COLLATE utf8mb4_unicode_ci NOT NULL,
  `status` tinyint(4) NOT NULL DEFAULT '1',
  `created_at` timestamp NOT NULL,
  `updated_at` timestamp NOT NULL DEFAULT CURRENT_TIMESTAMP ON UPDATE CURRENT_TIMESTAMP,
  PRIMARY KEY (`id`)
) ENGINE=InnoDB AUTO_INCREMENT=5 DEFAULT CHARSET=utf8mb4 COLLATE=utf8mb4_unicode_ci;

-- Дамп данных таблицы poll_db.divisions: ~4 rows (приблизительно)
DELETE FROM `divisions`;
/*!40000 ALTER TABLE `divisions` DISABLE KEYS */;
INSERT INTO `divisions` (`id`, `name`, `status`, `created_at`, `updated_at`) VALUES
	(1, 'ИП Коняхин Р.А.', 1, '2020-01-27 12:28:06', '2020-01-27 12:29:04'),
	(2, 'ИП Борисенко А.В.', 0, '2020-01-27 12:28:21', '2020-01-28 09:08:35'),
	(3, 'ИП Леньшин И.В.', 1, '2020-01-27 12:28:32', '2020-01-27 12:28:32'),
	(4, 'ИП Леньшина Л.Г.', 1, '2020-01-27 12:28:43', '2020-01-27 12:28:43');
/*!40000 ALTER TABLE `divisions` ENABLE KEYS */;

-- Дамп структуры для таблица poll_db.ecounters
DROP TABLE IF EXISTS `ecounters`;
CREATE TABLE IF NOT EXISTS `ecounters` (
  `id` int(10) unsigned NOT NULL AUTO_INCREMENT,
  `name` varchar(50) COLLATE utf8mb4_unicode_ci NOT NULL DEFAULT '',
  `text` varchar(100) COLLATE utf8mb4_unicode_ci DEFAULT '',
  `koeff` double(8,2) NOT NULL,
  `tarif` double(8,2) NOT NULL DEFAULT '3.70',
  `created_at` timestamp NOT NULL,
  `updated_at` timestamp NOT NULL DEFAULT CURRENT_TIMESTAMP ON UPDATE CURRENT_TIMESTAMP,
  PRIMARY KEY (`id`)
) ENGINE=InnoDB AUTO_INCREMENT=4 DEFAULT CHARSET=utf8mb4 COLLATE=utf8mb4_unicode_ci;

-- Дамп данных таблицы poll_db.ecounters: ~3 rows (приблизительно)
DELETE FROM `ecounters`;
/*!40000 ALTER TABLE `ecounters` DISABLE KEYS */;
INSERT INTO `ecounters` (`id`, `name`, `text`, `koeff`, `tarif`, `created_at`, `updated_at`) VALUES
	(1, 'Главный', 'счетчик на 69 ПС', 7200.00, 4.10, '2020-01-25 10:05:49', '2020-01-25 11:11:12'),
	(2, 'Общий на СК', 'Общий счетчик на СК', 200.00, 4.10, '2020-01-25 10:09:09', '2020-01-25 10:09:09'),
	(3, 'Общий на МС', 'ГРЩ на МС', 200.00, 4.10, '2020-01-25 10:10:05', '2020-01-25 10:10:05');
/*!40000 ALTER TABLE `ecounters` ENABLE KEYS */;

-- Дамп структуры для таблица poll_db.eventlogs
DROP TABLE IF EXISTS `eventlogs`;
CREATE TABLE IF NOT EXISTS `eventlogs` (
  `id` int(10) unsigned NOT NULL AUTO_INCREMENT,
  `type` varchar(7) COLLATE utf8mb4_unicode_ci NOT NULL,
  `user_id` int(10) unsigned NOT NULL,
  `text` text COLLATE utf8mb4_unicode_ci NOT NULL,
  `ip` varchar(15) COLLATE utf8mb4_unicode_ci DEFAULT NULL,
  `created_at` timestamp NOT NULL,
  `updated_at` timestamp NOT NULL DEFAULT CURRENT_TIMESTAMP ON UPDATE CURRENT_TIMESTAMP,
  PRIMARY KEY (`id`),
  KEY `eventlogs_user_id_foreign` (`user_id`),
  CONSTRAINT `eventlogs_user_id_foreign` FOREIGN KEY (`user_id`) REFERENCES `users` (`id`)
) ENGINE=InnoDB AUTO_INCREMENT=222 DEFAULT CHARSET=utf8mb4 COLLATE=utf8mb4_unicode_ci;

-- Дамп данных таблицы poll_db.eventlogs: ~221 rows (приблизительно)
DELETE FROM `eventlogs`;
/*!40000 ALTER TABLE `eventlogs` DISABLE KEYS */;
INSERT INTO `eventlogs` (`id`, `type`, `user_id`, `text`, `ip`, `created_at`, `updated_at`) VALUES
	(1, 'logon', 1, 'Пользователь вошел в систему 2020-01-20 18:01:56', '127.0.0.1', '2020-01-20 18:01:56', '2020-01-20 18:01:56'),
	(2, 'logoff', 1, 'Пользователь вышел из системы 2020-01-20 18:11:49', NULL, '2020-01-20 18:11:49', '2020-01-20 18:11:49'),
	(3, 'logon', 1, 'Пользователь вошел в систему 2020-01-20 18:11:53', '127.0.0.1', '2020-01-20 18:11:53', '2020-01-20 18:11:53'),
	(4, 'logoff', 1, 'Пользователь вышел из системы 2020-01-20 18:13:39', NULL, '2020-01-20 18:13:39', '2020-01-20 18:13:39'),
	(5, 'logon', 1, 'Пользователь вошел в систему 2020-01-21 15:30:19', '127.0.0.1', '2020-01-21 15:30:19', '2020-01-21 15:30:19'),
	(6, 'logoff', 1, 'Пользователь вышел из системы 2020-01-21 15:31:48', NULL, '2020-01-21 15:31:48', '2020-01-21 15:31:48'),
	(7, 'logon', 1, 'Пользователь вошел в систему 2020-01-21 15:31:58', '127.0.0.1', '2020-01-21 15:31:58', '2020-01-21 15:31:58'),
	(8, 'logoff', 1, 'Пользователь вышел из системы 2020-01-21 15:39:28', NULL, '2020-01-21 15:39:28', '2020-01-21 15:39:28'),
	(9, 'logon', 1, 'Пользователь вошел в систему 2020-01-21 16:11:57', '127.0.0.1', '2020-01-21 16:11:57', '2020-01-21 16:11:57'),
	(10, 'logoff', 1, 'Пользователь вышел из системы 2020-01-21 16:43:15', NULL, '2020-01-21 16:43:15', '2020-01-21 16:43:15'),
	(11, 'logon', 1, 'Пользователь вошел в систему 2020-01-21 16:55:54', '127.0.0.1', '2020-01-21 16:55:54', '2020-01-21 16:55:54'),
	(12, 'logoff', 1, 'Пользователь вышел из системы 2020-01-21 16:59:54', NULL, '2020-01-21 16:59:54', '2020-01-21 16:59:54'),
	(13, 'logon', 1, 'Пользователь вошел в систему 2020-01-21 17:02:18', '127.0.0.1', '2020-01-21 17:02:18', '2020-01-21 17:02:18'),
	(14, 'logoff', 1, 'Пользователь вышел из системы 2020-01-21 17:15:44', NULL, '2020-01-21 17:15:44', '2020-01-21 17:15:44'),
	(15, 'logon', 1, 'Пользователь вошел в систему 2020-01-21 17:16:26', '127.0.0.1', '2020-01-21 17:16:26', '2020-01-21 17:16:26'),
	(16, 'logoff', 1, 'Пользователь вышел из системы 2020-01-21 17:16:52', NULL, '2020-01-21 17:16:52', '2020-01-21 17:16:52'),
	(17, 'logon', 1, 'Пользователь вошел в систему 2020-01-21 17:26:35', '127.0.0.1', '2020-01-21 17:26:35', '2020-01-21 17:26:35'),
	(18, 'logoff', 1, 'Пользователь вышел из системы 2020-01-21 17:27:49', NULL, '2020-01-21 17:27:49', '2020-01-21 17:27:49'),
	(19, 'logon', 1, 'Пользователь вошел в систему 2020-01-21 17:28:42', '127.0.0.1', '2020-01-21 17:28:42', '2020-01-21 17:28:42'),
	(20, 'logon', 1, 'Пользователь вошел в систему 2020-01-22 14:51:54', '127.0.0.1', '2020-01-22 14:51:54', '2020-01-22 14:51:54'),
	(21, 'logoff', 1, 'Пользователь вышел из системы 2020-01-22 18:19:23', NULL, '2020-01-22 18:19:23', '2020-01-22 18:19:23'),
	(22, 'logon', 1, 'Пользователь вошел в систему 2020-01-23 09:01:45', '127.0.0.1', '2020-01-23 09:01:45', '2020-01-23 09:01:45'),
	(23, 'info', 1, 'Разрешение Директор было успешно добавлено!', '127.0.0.1', '2020-01-23 09:52:23', '2020-01-23 09:52:23'),
	(24, 'info', 1, 'Разрешение Просмотр справочников было успешно добавлено!', '127.0.0.1', '2020-01-23 09:56:56', '2020-01-23 09:56:56'),
	(25, 'info', 1, 'Разрешение Работа с анкетами было успешно добавлено!', '127.0.0.1', '2020-01-23 09:57:50', '2020-01-23 09:57:50'),
	(26, 'info', 1, 'Разрешение Просмотр общих отчетов было успешно добавлено!', '127.0.0.1', '2020-01-23 09:58:38', '2020-01-23 09:58:38'),
	(27, 'info', 1, 'Разрешение Просмотр отчетов по электроэнергии было успешно добавлено!', '127.0.0.1', '2020-01-23 09:59:10', '2020-01-23 09:59:10'),
	(28, 'info', 1, 'Разрешение Просмотр отчетов по маркетингу было успешно добавлено!', '127.0.0.1', '2020-01-23 09:59:43', '2020-01-23 09:59:43'),
	(29, 'info', 1, 'Разрешение Добавление и редактирование контрагентов было успешно добавлено!', '127.0.0.1', '2020-01-23 10:00:45', '2020-01-23 10:00:45'),
	(30, 'info', 1, 'Разрешение Удаление контрагентов было успешно добавлено!', '127.0.0.1', '2020-01-23 10:01:06', '2020-01-23 10:01:06'),
	(31, 'info', 1, 'Разрешение Работа с задачами энергетика было успешно добавлено!', '127.0.0.1', '2020-01-23 10:02:23', '2020-01-23 10:02:23'),
	(32, 'info', 1, 'Разрешение Работа с задачами охраны было успешно добавлено!', '127.0.0.1', '2020-01-23 10:02:46', '2020-01-23 10:02:46'),
	(33, 'info', 1, 'Разрешение Работа с задачами маркетинга было успешно добавлено!', '127.0.0.1', '2020-01-23 10:03:22', '2020-01-23 10:03:22'),
	(34, 'info', 1, 'Разрешение Экспорт данных было успешно добавлено!', '127.0.0.1', '2020-01-23 10:04:11', '2020-01-23 10:04:11'),
	(35, 'info', 1, 'Разрешение Импорт данных было успешно добавлено!', '127.0.0.1', '2020-01-23 10:04:26', '2020-01-23 10:04:26'),
	(36, 'info', 1, 'Разрешение амукйк было успешно добавлено!', '127.0.0.1', '2020-01-23 10:04:46', '2020-01-23 10:04:46'),
	(37, 'info', 1, 'Разрешение амукйк было удалено!', '127.0.0.1', '2020-01-23 10:06:42', '2020-01-23 10:06:42'),
	(38, 'info', 1, 'Системная роль Директор была успешно добавлена!', '127.0.0.1', '2020-01-23 11:26:28', '2020-01-23 11:26:28'),
	(39, 'access', 1, 'Изменены разрешения для роли Администратор', '127.0.0.1', '2020-01-23 11:59:24', '2020-01-23 11:59:24'),
	(40, 'access', 1, 'Изменены разрешения для роли Администратор', '127.0.0.1', '2020-01-23 12:00:06', '2020-01-23 12:00:06'),
	(41, 'access', 1, 'Изменены разрешения для роли Директор', '127.0.0.1', '2020-01-23 12:00:47', '2020-01-23 12:00:47'),
	(42, 'info', 1, 'Системная роль Менеджер была успешно добавлена!', '127.0.0.1', '2020-01-23 12:01:37', '2020-01-23 12:01:37'),
	(43, 'access', 1, 'Изменены разрешения для роли Менеджер', '127.0.0.1', '2020-01-23 12:02:16', '2020-01-23 12:02:16'),
	(44, 'info', 1, 'Системная роль Охрана была успешно добавлена!', '127.0.0.1', '2020-01-23 12:02:39', '2020-01-23 12:02:39'),
	(45, 'access', 1, 'Изменены разрешения для роли Охрана', '127.0.0.1', '2020-01-23 12:03:32', '2020-01-23 12:03:32'),
	(46, 'info', 1, 'Системная роль Энергетик была успешно добавлена!', '127.0.0.1', '2020-01-23 12:03:54', '2020-01-23 12:03:54'),
	(47, 'access', 1, 'Изменены разрешения для роли Энергетик', '127.0.0.1', '2020-01-23 12:04:27', '2020-01-23 12:04:27'),
	(48, 'info', 1, 'Системная роль Маркетолог была успешно добавлена!', '127.0.0.1', '2020-01-23 12:05:00', '2020-01-23 12:05:00'),
	(49, 'access', 1, 'Изменены разрешения для роли Маркетолог', '127.0.0.1', '2020-01-23 12:05:46', '2020-01-23 12:05:46'),
	(50, 'info', 1, 'Системная роль Интервьюер была успешно добавлена!', '127.0.0.1', '2020-01-23 12:06:03', '2020-01-23 12:06:03'),
	(51, 'access', 1, 'Изменены разрешения для роли Интервьюер', '127.0.0.1', '2020-01-23 12:06:14', '2020-01-23 12:06:14'),
	(52, 'info', 1, 'Системная роль u5u была успешно добавлена!', '127.0.0.1', '2020-01-23 12:06:26', '2020-01-23 12:06:26'),
	(53, 'info', 1, 'Системная роль u5u была удалена!', '127.0.0.1', '2020-01-23 12:06:32', '2020-01-23 12:06:32'),
	(54, 'access', 1, 'Изменены роли для учетной записи admin', '127.0.0.1', '2020-01-23 12:48:13', '2020-01-23 12:48:13'),
	(55, 'access', 1, 'Учетная запись ircut была изменена!', '127.0.0.1', '2020-01-23 12:48:48', '2020-01-23 12:48:48'),
	(56, 'logoff', 1, 'Пользователь вышел из системы 2020-01-23 12:48:53', NULL, '2020-01-23 12:48:53', '2020-01-23 12:48:53'),
	(57, 'logon', 1, 'Пользователь вошел в систему 2020-01-23 12:49:06', '127.0.0.1', '2020-01-23 12:49:06', '2020-01-23 12:49:06'),
	(58, 'access', 1, 'Изменены роли для учетной записи babenko', '127.0.0.1', '2020-01-23 13:18:14', '2020-01-23 13:18:14'),
	(59, 'access', 1, 'Учетная запись babenko была изменена!', '127.0.0.1', '2020-01-23 13:18:28', '2020-01-23 13:18:28'),
	(60, 'info', 1, 'Для пользователя babenko был установлен новый пароль.', NULL, '2020-01-23 13:18:32', '2020-01-23 13:18:32'),
	(61, 'info', 1, 'Новый пользователь Борисенко А.В. был успешно добавлен!', NULL, '2020-01-23 13:22:54', '2020-01-23 13:22:54'),
	(62, 'access', 1, 'Изменены роли для учетной записи borisenko', '127.0.0.1', '2020-01-23 13:28:50', '2020-01-23 13:28:50'),
	(63, 'access', 1, 'Учетная запись borisenko была изменена!', '127.0.0.1', '2020-01-23 13:28:57', '2020-01-23 13:28:57'),
	(64, 'info', 1, 'Для пользователя borisenko был установлен новый пароль.', NULL, '2020-01-23 13:29:00', '2020-01-23 13:29:00'),
	(65, 'info', 1, 'Новый пользователь Леньшин И.В. был успешно добавлен!', NULL, '2020-01-23 13:29:38', '2020-01-23 13:29:38'),
	(66, 'access', 1, 'Изменены роли для учетной записи lenshin', '127.0.0.1', '2020-01-23 13:36:03', '2020-01-23 13:36:03'),
	(67, 'info', 1, 'Новый пользователь Коняхин Р.А. был успешно добавлен!', NULL, '2020-01-23 13:36:37', '2020-01-23 13:36:37'),
	(68, 'access', 1, 'Изменены роли для учетной записи konyahin', '127.0.0.1', '2020-01-23 13:36:43', '2020-01-23 13:36:43'),
	(69, 'access', 1, 'Изменены роли для учетной записи konyahin', '127.0.0.1', '2020-01-23 13:39:48', '2020-01-23 13:39:48'),
	(70, 'access', 1, 'Учетная запись lenshin была изменена!', '127.0.0.1', '2020-01-23 13:39:55', '2020-01-23 13:39:55'),
	(71, 'access', 1, 'Учетная запись konyahin была изменена!', '127.0.0.1', '2020-01-23 13:40:00', '2020-01-23 13:40:00'),
	(72, 'info', 1, 'Для пользователя lenshin был установлен новый пароль.', NULL, '2020-01-23 13:40:05', '2020-01-23 13:40:05'),
	(73, 'logoff', 1, 'Пользователь вышел из системы 2020-01-23 13:44:25', NULL, '2020-01-23 13:44:25', '2020-01-23 13:44:25'),
	(74, 'logon', 1, 'Пользователь вошел в систему 2020-01-25 06:38:33', '127.0.0.1', '2020-01-25 06:38:33', '2020-01-25 06:38:33'),
	(75, 'info', 1, 'Новый пользователь Пыхов Н.Н. был успешно добавлен!', NULL, '2020-01-25 06:41:10', '2020-01-25 06:41:10'),
	(76, 'access', 1, 'Изменены роли для учетной записи pykhov', '127.0.0.1', '2020-01-25 06:41:23', '2020-01-25 06:41:23'),
	(77, 'info', 1, 'Общий счетчик Главный был успешно добавлен!', '127.0.0.1', '2020-01-25 10:05:49', '2020-01-25 10:05:49'),
	(78, 'info', 1, 'Общий счетчик Общий на СК был успешно добавлен!', '127.0.0.1', '2020-01-25 10:09:09', '2020-01-25 10:09:09'),
	(79, 'info', 1, 'Общий счетчик Общий на МС был успешно добавлен!', '127.0.0.1', '2020-01-25 10:10:05', '2020-01-25 10:10:05'),
	(80, 'info', 1, 'Данные счетчика Главный222 были изменены!', '127.0.0.1', '2020-01-25 11:10:56', '2020-01-25 11:10:56'),
	(81, 'info', 1, 'Данные счетчика Главный были изменены!', '127.0.0.1', '2020-01-25 11:11:12', '2020-01-25 11:11:12'),
	(82, 'info', 1, 'Общий счетчик ffgf был успешно добавлен!', '127.0.0.1', '2020-01-25 11:25:16', '2020-01-25 11:25:16'),
	(83, 'info', 1, 'Данные счетчика test были изменены!', '127.0.0.1', '2020-01-25 11:25:28', '2020-01-25 11:25:28'),
	(84, 'access', 1, 'Счетчик test был удален!', '127.0.0.1', '2020-01-25 11:25:34', '2020-01-25 11:25:34'),
	(85, 'info', 1, 'Общий счетчик Счетчик АЗ был успешно добавлен!', '127.0.0.1', '2020-01-25 11:38:40', '2020-01-25 11:38:40'),
	(86, 'access', 1, 'Счетчик Счетчик АЗ был удален!', '127.0.0.1', '2020-01-25 11:41:21', '2020-01-25 11:41:21'),
	(87, 'info', 1, 'Собственный счетчик Счетчик АЗ был успешно добавлен!', '127.0.0.1', '2020-01-25 11:42:02', '2020-01-25 11:42:02'),
	(88, 'info', 1, 'Данные счетчика Счетчик АЗ были изменены!', '127.0.0.1', '2020-01-25 11:42:12', '2020-01-25 11:42:12'),
	(89, 'info', 1, 'Данные счетчика Счетчик АЗ были изменены!', '127.0.0.1', '2020-01-25 11:42:21', '2020-01-25 11:42:21'),
	(90, 'info', 1, 'Собственный счетчик yju был успешно добавлен!', '127.0.0.1', '2020-01-25 11:42:33', '2020-01-25 11:42:33'),
	(91, 'info', 1, 'Данные счетчика yju были изменены!', '127.0.0.1', '2020-01-25 11:42:40', '2020-01-25 11:42:40'),
	(92, 'access', 1, 'Счетчик yju был удален!', '127.0.0.1', '2020-01-25 11:42:44', '2020-01-25 11:42:44'),
	(93, 'info', 1, 'Территория МС Выставка была успешно добавлена!', '127.0.0.1', '2020-01-25 12:20:07', '2020-01-25 12:20:07'),
	(94, 'info', 1, 'Территория Складской комплекс была успешно добавлена!', '127.0.0.1', '2020-01-25 12:28:08', '2020-01-25 12:28:08'),
	(95, 'info', 1, 'Данные территории МС Выставка были изменены!', '127.0.0.1', '2020-01-25 12:31:00', '2020-01-25 12:31:00'),
	(96, 'info', 1, 'Данные территории Складской комплекс345 были изменены!', '127.0.0.1', '2020-01-25 12:31:11', '2020-01-25 12:31:11'),
	(97, 'info', 1, 'Данные территории Складской комплекс были изменены!', '127.0.0.1', '2020-01-25 12:31:20', '2020-01-25 12:31:20'),
	(98, 'info', 1, 'Территория МС ОП была успешно добавлена!', '127.0.0.1', '2020-01-25 12:31:42', '2020-01-25 12:31:42'),
	(99, 'info', 1, 'Территория МС ОПГС была успешно добавлена!', '127.0.0.1', '2020-01-25 12:31:56', '2020-01-25 12:31:56'),
	(100, 'info', 1, 'Территория Парковка большая была успешно добавлена!', '127.0.0.1', '2020-01-25 12:32:12', '2020-01-25 12:32:12'),
	(101, 'info', 1, 'Территория МС Участок №225 была успешно добавлена!', '127.0.0.1', '2020-01-25 12:32:27', '2020-01-25 12:32:27'),
	(102, 'info', 1, 'Территория МС Участок №225-2 была успешно добавлена!', '127.0.0.1', '2020-01-25 12:32:45', '2020-01-25 12:32:45'),
	(103, 'info', 1, 'Территория ty5u была успешно добавлена!', '127.0.0.1', '2020-01-25 12:33:00', '2020-01-25 12:33:00'),
	(104, 'access', 1, 'Территория ty5u была удалена!', '127.0.0.1', '2020-01-25 12:35:05', '2020-01-25 12:35:05'),
	(105, 'info', 1, 'Новый подписчик rogatnev@m-strana.ru был успешно добавлен!', '127.0.0.1', '2020-01-25 13:12:55', '2020-01-25 13:12:55'),
	(106, 'info', 1, 'Новый подписчик shmeleva@m-strana.ru был успешно добавлен!', '127.0.0.1', '2020-01-25 13:16:21', '2020-01-25 13:16:21'),
	(107, 'info', 1, 'Новый подписчик borisenko@m-strana.ru был успешно добавлен!', '127.0.0.1', '2020-01-25 13:16:33', '2020-01-25 13:16:33'),
	(108, 'info', 1, 'Новый подписчик stadler@m-strana.ru был успешно добавлен!', '127.0.0.1', '2020-01-25 13:16:51', '2020-01-25 13:16:51'),
	(109, 'access', 1, 'Подписчик с e-mail stadler@m-strana.ru была деактивирован', '127.0.0.1', '2020-01-25 13:30:37', '2020-01-25 13:30:37'),
	(110, 'access', 1, 'Подписчик с e-mail borisenko@m-strana.ru была деактивирован', '127.0.0.1', '2020-01-25 13:30:40', '2020-01-25 13:30:40'),
	(111, 'access', 1, 'Подписчик с e-mail borisenko@m-strana.ru был активирован', '127.0.0.1', '2020-01-25 13:30:44', '2020-01-25 13:30:44'),
	(112, 'access', 1, 'Подписчик с e-mail stadler@m-strana.ru был активирован', '127.0.0.1', '2020-01-25 13:30:46', '2020-01-25 13:30:46'),
	(113, 'info', 1, 'Новый подписчик test@mail.ru был успешно добавлен!', '127.0.0.1', '2020-01-25 13:31:03', '2020-01-25 13:31:03'),
	(114, 'access', 1, 'Подписчик с e-mail test@mail.ru был активирован', '127.0.0.1', '2020-01-25 13:31:06', '2020-01-25 13:31:06'),
	(115, 'access', 1, 'Подписчик test@mail.ru был удален!', '127.0.0.1', '2020-01-25 13:33:12', '2020-01-25 13:33:12'),
	(116, 'logoff', 1, 'Пользователь вышел из системы 2020-01-25 13:39:40', NULL, '2020-01-25 13:39:40', '2020-01-25 13:39:40'),
	(117, 'logon', 1, 'Пользователь вошел в систему 2020-01-26 09:05:49', '127.0.0.1', '2020-01-26 09:05:49', '2020-01-26 09:05:49'),
	(118, 'info', 1, 'Новая группа Выставка МС была успешно добавлена!', '127.0.0.1', '2020-01-26 11:43:19', '2020-01-26 11:43:19'),
	(119, 'info', 1, 'Новая группа Склад была успешно добавлена!', '127.0.0.1', '2020-01-26 11:43:37', '2020-01-26 11:43:37'),
	(120, 'info', 1, 'Данные подразделения Склад222 были изменены!', '127.0.0.1', '2020-01-26 11:52:54', '2020-01-26 11:52:54'),
	(121, 'info', 1, 'Данные подразделения Склад были изменены!', '127.0.0.1', '2020-01-26 11:53:01', '2020-01-26 11:53:01'),
	(122, 'info', 1, 'Новая группа 6y6yyy была успешно добавлена!', '127.0.0.1', '2020-01-26 11:53:05', '2020-01-26 11:53:05'),
	(123, 'info', 1, 'Данные подразделения ntcn были изменены!', '127.0.0.1', '2020-01-26 11:53:13', '2020-01-26 11:53:13'),
	(124, 'info', 1, 'Подразделение ntcn было удалено!', '127.0.0.1', '2020-01-26 11:53:17', '2020-01-26 11:53:17'),
	(125, 'info', 1, 'Новая статья расходов Общие затраты МС и СК была успешно добавлена!', '127.0.0.1', '2020-01-26 12:09:37', '2020-01-26 12:09:37'),
	(126, 'info', 1, 'Новая статья расходов Общие затраты МС была успешно добавлена!', '127.0.0.1', '2020-01-26 12:09:53', '2020-01-26 12:09:53'),
	(127, 'info', 1, 'Новая статья расходов Общие затраты СК была успешно добавлена!', '127.0.0.1', '2020-01-26 12:10:07', '2020-01-26 12:10:07'),
	(128, 'info', 1, 'Новая статья расходов rthrr была успешно добавлена!', '127.0.0.1', '2020-01-26 12:10:13', '2020-01-26 12:10:13'),
	(129, 'info', 1, 'Данные статьи затрат test были изменены!', '127.0.0.1', '2020-01-26 12:10:20', '2020-01-26 12:10:20'),
	(130, 'info', 1, 'Статья затрат test было удалено!', '127.0.0.1', '2020-01-26 12:10:24', '2020-01-26 12:10:24'),
	(131, 'info', 1, 'Новый поставщик ООО ИТЦ "ФОКС" был успешно добавлен!', '127.0.0.1', '2020-01-26 12:25:22', '2020-01-26 12:25:22'),
	(132, 'info', 1, 'Новый поставщик ООО "Манго Телеком" был успешно добавлен!', '127.0.0.1', '2020-01-26 12:25:34', '2020-01-26 12:25:34'),
	(133, 'info', 1, 'Данные поставщика ООО "Манго Телеком"23 были изменены!', '127.0.0.1', '2020-01-26 12:27:19', '2020-01-26 12:27:19'),
	(134, 'info', 1, 'Поставщик ООО "Манго Телеком"23 был удален!', '127.0.0.1', '2020-01-26 12:27:23', '2020-01-26 12:27:23'),
	(135, 'info', 1, 'Данные поставщика ООО "Регард МСК"22 были изменены!', '127.0.0.1', '2020-01-26 12:33:19', '2020-01-26 12:33:19'),
	(136, 'info', 1, 'Данные поставщика ООО "Регард МСК" были изменены!', '127.0.0.1', '2020-01-26 12:33:24', '2020-01-26 12:33:24'),
	(137, 'info', 1, 'Данные поставщика Тензор123 были изменены!', '127.0.0.1', '2020-01-26 12:50:50', '2020-01-26 12:50:50'),
	(138, 'info', 1, 'Данные поставщика Тензор были изменены!', '127.0.0.1', '2020-01-26 12:50:55', '2020-01-26 12:50:55'),
	(139, 'info', 1, 'Новая запись расхода ИТ test была успешно добавлена!', '127.0.0.1', '2020-01-26 13:45:10', '2020-01-26 13:45:10'),
	(140, 'info', 1, 'Данные записи расхода ИТ test были изменены!', '127.0.0.1', '2020-01-26 13:45:30', '2020-01-26 13:45:30'),
	(141, 'info', 1, 'Данные записи расхода ИТ test были изменены!', '127.0.0.1', '2020-01-26 13:45:40', '2020-01-26 13:45:40'),
	(142, 'info', 1, 'Запись расхода ИТ test была удалена!', '127.0.0.1', '2020-01-26 13:45:44', '2020-01-26 13:45:44'),
	(143, 'info', 1, 'Данные записи расхода ИТ Годовая лицензия KAV для ЛИВ_ЛЛГ были изменены!', '127.0.0.1', '2020-01-26 14:02:57', '2020-01-26 14:02:57'),
	(144, 'info', 1, 'Данные записи расхода ИТ Годовая лицензия KAV для ЛИВ_ЛЛГ были изменены!', '127.0.0.1', '2020-01-26 14:03:05', '2020-01-26 14:03:05'),
	(145, 'logon', 1, 'Не удачная попытка входа в систему login admin 2020-01-26 17:35:46', '127.0.0.1', '2020-01-26 17:35:46', '2020-01-26 17:35:46'),
	(146, 'logon', 1, 'Не удачная попытка входа в систему login admin 2020-01-26 17:35:51', '127.0.0.1', '2020-01-26 17:35:51', '2020-01-26 17:35:51'),
	(147, 'logon', 1, 'Пользователь вошел в систему 2020-01-26 17:35:54', '127.0.0.1', '2020-01-26 17:35:54', '2020-01-26 17:35:54'),
	(148, 'logon', 1, 'Пользователь вошел в систему 2020-01-27 08:18:51', '127.0.0.1', '2020-01-27 08:18:51', '2020-01-27 08:18:51'),
	(149, 'logon', 1, 'Не удачная попытка входа в систему login admin 2020-01-27 08:29:25', '127.0.0.1', '2020-01-27 08:29:25', '2020-01-27 08:29:25'),
	(150, 'logon', 1, 'Пользователь вошел в систему 2020-01-27 08:29:34', '127.0.0.1', '2020-01-27 08:29:34', '2020-01-27 08:29:34'),
	(151, 'info', 1, 'Новый пользователь Овсиенко А.А. был успешно добавлен!', NULL, '2020-01-27 08:33:21', '2020-01-27 08:33:21'),
	(152, 'info', 1, 'Новый пользователь Стадлер М.С. был успешно добавлен!', NULL, '2020-01-27 08:38:39', '2020-01-27 08:38:39'),
	(153, 'info', 1, 'Учетная запись pykhov была изменена!', '127.0.0.1', '2020-01-27 08:39:37', '2020-01-27 08:39:37'),
	(154, 'info', 1, 'Учетная запись antipin была изменена!', '127.0.0.1', '2020-01-27 08:39:43', '2020-01-27 08:39:43'),
	(155, 'info', 1, 'Учетная запись ovsienko была изменена!', '127.0.0.1', '2020-01-27 08:39:49', '2020-01-27 08:39:49'),
	(156, 'info', 1, 'Учетная запись stadler была изменена!', '127.0.0.1', '2020-01-27 08:39:55', '2020-01-27 08:39:55'),
	(157, 'info', 1, 'Новый город Люберцы был успешно добавлен в справочник!', '127.0.0.1', '2020-01-27 09:11:48', '2020-01-27 09:11:48'),
	(158, 'info', 1, 'Запись Люберцы1 справочника городов была изменена!', '127.0.0.1', '2020-01-27 09:11:55', '2020-01-27 09:11:55'),
	(159, 'info', 1, 'Удалена запись Люберцы1 из справочника городов!', '127.0.0.1', '2020-01-27 09:12:00', '2020-01-27 09:12:00'),
	(160, 'info', 1, 'Новый материал steel был успешно добавлен в справочник!', '127.0.0.1', '2020-01-27 09:27:32', '2020-01-27 09:27:32'),
	(161, 'info', 1, 'Новый материал wood был успешно добавлен в справочник!', '127.0.0.1', '2020-01-27 09:28:00', '2020-01-27 09:28:00'),
	(162, 'info', 1, 'Удалена запись wood из справочника материалов!', '127.0.0.1', '2020-01-27 09:28:05', '2020-01-27 09:28:05'),
	(163, 'info', 1, 'Запись steelll справочника материалов была изменена!', '127.0.0.1', '2020-01-27 09:28:11', '2020-01-27 09:28:11'),
	(164, 'info', 1, 'Удалена запись steelll из справочника материалов!', '127.0.0.1', '2020-01-27 09:28:15', '2020-01-27 09:28:15'),
	(165, 'info', 1, 'Новый медиа-источник Рен ТВ был успешно добавлен в справочник!', '127.0.0.1', '2020-01-27 10:38:19', '2020-01-27 10:38:19'),
	(166, 'info', 1, 'Новый медиа-источник ТВ Центр был успешно добавлен в справочник!', '127.0.0.1', '2020-01-27 10:38:31', '2020-01-27 10:38:31'),
	(167, 'info', 1, 'Новый медиа-источник Россия 1 был успешно добавлен в справочник!', '127.0.0.1', '2020-01-27 10:38:44', '2020-01-27 10:38:44'),
	(168, 'info', 1, 'Новый медиа-источник Евроньюс был успешно добавлен в справочник!', '127.0.0.1', '2020-01-27 10:38:57', '2020-01-27 10:38:57'),
	(169, 'info', 1, 'Новый медиа-источник Не помню был успешно добавлен в справочник!', '127.0.0.1', '2020-01-27 10:39:08', '2020-01-27 10:39:08'),
	(170, 'info', 1, 'Новый медиа-источник Другое (свой вариант) был успешно добавлен в справочник!', '127.0.0.1', '2020-01-27 10:39:22', '2020-01-27 10:39:22'),
	(171, 'info', 1, 'Новый медиа-источник тесттт был успешно добавлен в справочник!', '127.0.0.1', '2020-01-27 10:39:32', '2020-01-27 10:39:32'),
	(172, 'info', 1, 'Запись тест справочника медиа-источников была изменена!', '127.0.0.1', '2020-01-27 10:39:40', '2020-01-27 10:39:40'),
	(173, 'info', 1, 'Удалена запись тест из справочника медиа-источников!', '127.0.0.1', '2020-01-27 10:39:43', '2020-01-27 10:39:43'),
	(174, 'info', 1, 'Новое юрлицо ИП Коняхин Р.А. было успешно добавлено!', '127.0.0.1', '2020-01-27 12:28:06', '2020-01-27 12:28:06'),
	(175, 'info', 1, 'Новое юрлицо ИП Борисенко А.В. было успешно добавлено!', '127.0.0.1', '2020-01-27 12:28:21', '2020-01-27 12:28:21'),
	(176, 'info', 1, 'Новое юрлицо ИП Леньшин И.В. было успешно добавлено!', '127.0.0.1', '2020-01-27 12:28:32', '2020-01-27 12:28:32'),
	(177, 'info', 1, 'Новое юрлицо ИП Леньшина Л.Г. было успешно добавлено!', '127.0.0.1', '2020-01-27 12:28:43', '2020-01-27 12:28:43'),
	(178, 'info', 1, 'Запись юрлица ИП Коняхин Р.А.222 была изменена!', '127.0.0.1', '2020-01-27 12:28:53', '2020-01-27 12:28:53'),
	(179, 'info', 1, 'Запись юрлица ИП Коняхин Р.А. была изменена!', '127.0.0.1', '2020-01-27 12:29:04', '2020-01-27 12:29:04'),
	(180, 'info', 1, 'Новое юрлицо dbrbrrb было успешно добавлено!', '127.0.0.1', '2020-01-27 12:29:13', '2020-01-27 12:29:13'),
	(181, 'info', 1, 'Удалена запись dbrbrrb из справочника медиа-источников!', '127.0.0.1', '2020-01-27 12:29:18', '2020-01-27 12:29:18'),
	(182, 'logoff', 1, 'Пользователь вышел из системы 2020-01-27 12:30:52', NULL, '2020-01-27 12:30:52', '2020-01-27 12:30:52'),
	(183, 'logon', 1, 'Пользователь вошел в систему 2020-01-27 17:23:57', '127.0.0.1', '2020-01-27 17:23:57', '2020-01-27 17:23:57'),
	(184, 'logoff', 1, 'Пользователь вышел из системы 2020-01-27 17:24:29', NULL, '2020-01-27 17:24:29', '2020-01-27 17:24:29'),
	(185, 'logon', 1, 'Пользователь вошел в систему 2020-01-28 07:03:40', '127.0.0.1', '2020-01-28 07:03:40', '2020-01-28 07:03:40'),
	(186, 'info', 1, 'Новый арендатор Директор был успешно добавлен!', '127.0.0.1', '2020-01-28 08:49:47', '2020-01-28 08:49:47'),
	(187, 'info', 1, 'Новый арендатор rety был успешно добавлен!', '127.0.0.1', '2020-01-28 08:56:01', '2020-01-28 08:56:01'),
	(188, 'info', 1, 'Запись юрлица ИП Борисенко А.В. была изменена!', '127.0.0.1', '2020-01-28 09:07:17', '2020-01-28 09:07:17'),
	(189, 'info', 1, 'Запись юрлица ИП Борисенко А.В. была изменена!', '127.0.0.1', '2020-01-28 09:08:35', '2020-01-28 09:08:35'),
	(190, 'info', 1, 'Новый арендатор test2 был успешно добавлен!', '127.0.0.1', '2020-01-28 09:11:02', '2020-01-28 09:11:02'),
	(191, 'info', 1, 'Запись арендатора АльфаСтрой была изменена!', '127.0.0.1', '2020-01-28 10:54:54', '2020-01-28 10:54:54'),
	(192, 'info', 1, 'Запись арендатора Директор была изменена!', '127.0.0.1', '2020-01-28 10:55:11', '2020-01-28 10:55:11'),
	(193, 'info', 1, 'Запись арендатора Директор была изменена!', '127.0.0.1', '2020-01-28 10:55:27', '2020-01-28 10:55:27'),
	(194, 'info', 1, 'Удалена запись арендатора Директор', '127.0.0.1', '2020-01-28 11:19:52', '2020-01-28 11:19:52'),
	(195, 'info', 1, 'Подписчик с e-mail borisenko@m-strana.ru была деактивирован', '127.0.0.1', '2020-01-28 11:37:54', '2020-01-28 11:37:54'),
	(196, 'info', 1, 'Подписчик с e-mail shmeleva@m-strana.ru была деактивирован', '127.0.0.1', '2020-01-28 11:37:57', '2020-01-28 11:37:57'),
	(197, 'info', 1, 'Подписчик с e-mail borisenko@m-strana.ru была деактивирован', '127.0.0.1', '2020-01-28 11:38:11', '2020-01-28 11:38:11'),
	(198, 'info', 1, 'Подписчик с e-mail borisenko@m-strana.ru была деактивирован', '127.0.0.1', '2020-01-28 11:38:14', '2020-01-28 11:38:14'),
	(199, 'info', 1, 'Подписчик с e-mail shmeleva@m-strana.ru была деактивирован', '127.0.0.1', '2020-01-28 11:38:17', '2020-01-28 11:38:17'),
	(200, 'info', 1, 'Подписчик с e-mail borisenko@m-strana.ru была деактивирован', '127.0.0.1', '2020-01-28 11:40:02', '2020-01-28 11:40:02'),
	(201, 'info', 1, 'Подписчик с e-mail borisenko@m-strana.ru была деактивирован', '127.0.0.1', '2020-01-28 11:40:10', '2020-01-28 11:40:10'),
	(202, 'info', 1, 'Арендатор АльфаСтрой был деактивирован', '127.0.0.1', '2020-01-28 11:47:21', '2020-01-28 11:47:21'),
	(203, 'info', 1, 'Арендатор test2 был деактивирован', '127.0.0.1', '2020-01-28 11:47:24', '2020-01-28 11:47:24'),
	(204, 'info', 1, 'Арендатор test2 был активирован', '127.0.0.1', '2020-01-28 11:47:28', '2020-01-28 11:47:28'),
	(205, 'info', 1, 'Арендатор АльфаСтрой был активирован', '127.0.0.1', '2020-01-28 11:47:30', '2020-01-28 11:47:30'),
	(206, 'info', 1, 'Арендатор АльфаСтрой был деактивирован', '127.0.0.1', '2020-01-28 11:47:45', '2020-01-28 11:47:45'),
	(207, 'info', 1, 'Арендатор АльфаСтрой был активирован', '127.0.0.1', '2020-01-28 11:47:50', '2020-01-28 11:47:50'),
	(208, 'info', 1, 'Арендатор test2 был деактивирован', '127.0.0.1', '2020-01-28 12:01:58', '2020-01-28 12:01:58'),
	(209, 'info', 1, 'Арендатор test2 был активирован', '127.0.0.1', '2020-01-28 12:04:57', '2020-01-28 12:04:57'),
	(210, 'info', 1, 'Новый арендатор ИнтерСити был успешно добавлен!', '127.0.0.1', '2020-01-28 12:28:29', '2020-01-28 12:28:29'),
	(211, 'info', 1, 'Новый арендатор ЭкоХаусМонтаж был успешно добавлен!', '127.0.0.1', '2020-01-28 12:33:12', '2020-01-28 12:33:12'),
	(212, 'info', 1, 'Удалена запись арендатора ЭкоХаусМонтаж', '127.0.0.1', '2020-01-28 12:33:36', '2020-01-28 12:33:36'),
	(213, 'info', 1, 'Арендатор test2 был деактивирован', '127.0.0.1', '2020-01-28 12:33:38', '2020-01-28 12:33:38'),
	(214, 'info', 1, 'Удалена запись арендатора ИнтерСити', '127.0.0.1', '2020-01-28 12:33:41', '2020-01-28 12:33:41'),
	(215, 'info', 1, 'Удалена запись арендатора АльфаСтрой', '127.0.0.1', '2020-01-28 12:33:43', '2020-01-28 12:33:43'),
	(216, 'info', 1, 'Удалена запись арендатора test2', '127.0.0.1', '2020-01-28 12:33:47', '2020-01-28 12:33:47'),
	(217, 'info', 1, 'Подключение к интернет для юрлица ИнтерСити было успешно добавлено!', '127.0.0.1', '2020-01-28 14:47:33', '2020-01-28 14:47:33'),
	(218, 'info', 1, 'Подключение к интернет для юрлица Аршинстрой было успешно добавлено!', '127.0.0.1', '2020-01-28 14:50:05', '2020-01-28 14:50:05'),
	(219, 'info', 1, 'Подключение к интернет для юрлица ZAVDOZ было успешно добавлено!', '127.0.0.1', '2020-01-28 14:56:56', '2020-01-28 14:56:56'),
	(220, 'info', 1, 'Подключение к интернет для юрлица ДомоСтрой-ЛСК было успешно добавлено!', '127.0.0.1', '2020-01-28 15:09:57', '2020-01-28 15:09:57'),
	(221, 'logoff', 1, 'Пользователь вышел из системы 2020-01-28 15:15:17', NULL, '2020-01-28 15:15:17', '2020-01-28 15:15:17');
/*!40000 ALTER TABLE `eventlogs` ENABLE KEYS */;

-- Дамп структуры для таблица poll_db.expenses
DROP TABLE IF EXISTS `expenses`;
CREATE TABLE IF NOT EXISTS `expenses` (
  `id` int(10) unsigned NOT NULL AUTO_INCREMENT,
  `name` varchar(100) COLLATE utf8mb4_unicode_ci NOT NULL,
  `created_at` timestamp NOT NULL,
  `updated_at` timestamp NOT NULL DEFAULT CURRENT_TIMESTAMP ON UPDATE CURRENT_TIMESTAMP,
  PRIMARY KEY (`id`)
) ENGINE=InnoDB AUTO_INCREMENT=4 DEFAULT CHARSET=utf8mb4 COLLATE=utf8mb4_unicode_ci;

-- Дамп данных таблицы poll_db.expenses: ~3 rows (приблизительно)
DELETE FROM `expenses`;
/*!40000 ALTER TABLE `expenses` DISABLE KEYS */;
INSERT INTO `expenses` (`id`, `name`, `created_at`, `updated_at`) VALUES
	(1, 'Общие затраты МС и СК', '2020-01-26 12:09:37', '2020-01-26 12:09:37'),
	(2, 'Общие затраты МС', '2020-01-26 12:09:53', '2020-01-26 12:09:53'),
	(3, 'Общие затраты СК', '2020-01-26 12:10:07', '2020-01-26 12:10:07');
/*!40000 ALTER TABLE `expenses` ENABLE KEYS */;

-- Дамп структуры для таблица poll_db.materials
DROP TABLE IF EXISTS `materials`;
CREATE TABLE IF NOT EXISTS `materials` (
  `id` int(10) unsigned NOT NULL AUTO_INCREMENT,
  `name` varchar(80) COLLATE utf8mb4_unicode_ci NOT NULL,
  `created_at` timestamp NOT NULL,
  `updated_at` timestamp NOT NULL DEFAULT CURRENT_TIMESTAMP ON UPDATE CURRENT_TIMESTAMP,
  PRIMARY KEY (`id`)
) ENGINE=InnoDB AUTO_INCREMENT=13 DEFAULT CHARSET=utf8mb4 COLLATE=utf8mb4_unicode_ci;

-- Дамп данных таблицы poll_db.materials: ~12 rows (приблизительно)
DELETE FROM `materials`;
/*!40000 ALTER TABLE `materials` DISABLE KEYS */;
INSERT INTO `materials` (`id`, `name`, `created_at`, `updated_at`) VALUES
	(1, 'Лако-красочные покрытия', '2017-09-27 21:16:25', '2017-09-27 21:16:55'),
	(2, 'Кровли', '2017-09-27 21:16:25', '2017-09-27 21:16:55'),
	(3, 'Фасадные материалы', '2017-09-27 21:16:25', '2017-09-27 21:16:55'),
	(4, 'Фундаменты', '2017-09-27 21:16:25', '2017-09-27 21:16:55'),
	(5, 'Отделка внутренняя', '2017-09-27 21:16:25', '2017-09-27 21:16:55'),
	(6, 'Окна и двери', '2017-09-27 21:16:25', '2017-09-27 21:16:55'),
	(7, 'Бани', '2017-09-27 21:16:25', '2017-09-27 21:16:55'),
	(8, 'Садовые домики, беседки, гриль, хоз. блок', '2017-09-27 21:16:25', '2017-09-27 21:16:55'),
	(9, 'Дизайн  экстерьера (ланшафтный дизайн, мебель для сада, др.)', '2017-09-27 21:16:25', '2017-09-27 21:16:55'),
	(10, 'Дизайн интерьера (мебель  для дома, шторы, люстры, двери, обои, и т.д )', '2017-09-27 21:16:25', '2017-09-27 21:16:55'),
	(11, 'Входные группы и системы безопасности (рольставни, заборы, ворота)', '2017-09-27 21:16:25', '2017-09-27 21:16:55'),
	(12, 'Инженерные системы', '2017-09-27 21:16:25', '2017-09-27 21:16:55');
/*!40000 ALTER TABLE `materials` ENABLE KEYS */;

-- Дамп структуры для таблица poll_db.migrations
DROP TABLE IF EXISTS `migrations`;
CREATE TABLE IF NOT EXISTS `migrations` (
  `id` int(10) unsigned NOT NULL AUTO_INCREMENT,
  `migration` varchar(255) COLLATE utf8mb4_unicode_ci NOT NULL,
  `batch` int(11) NOT NULL,
  PRIMARY KEY (`id`)
) ENGINE=InnoDB AUTO_INCREMENT=23 DEFAULT CHARSET=utf8mb4 COLLATE=utf8mb4_unicode_ci;

-- Дамп данных таблицы poll_db.migrations: ~21 rows (приблизительно)
DELETE FROM `migrations`;
/*!40000 ALTER TABLE `migrations` DISABLE KEYS */;
INSERT INTO `migrations` (`id`, `migration`, `batch`) VALUES
	(1, '2014_10_12_000000_create_users_table', 1),
	(2, '2014_10_12_100000_create_password_resets_table', 1),
	(3, '2020_01_20_164513_create_eventlogs_table', 1),
	(4, '2020_01_22_150006_create_roles_table', 2),
	(5, '2020_01_22_150105_create_actions_table', 2),
	(6, '2020_01_22_150130_create_role_user_table', 2),
	(7, '2020_01_22_150150_create_action_role_table', 2),
	(8, '2020_01_25_070540_create_ecounters_table', 3),
	(9, '2020_01_25_070635_create_own_ecounters_table', 3),
	(10, '2020_01_25_070713_create_places_table', 3),
	(11, '2020_01_25_070914_create_describers_table', 3),
	(12, '2020_01_26_091819_create_unit_group_table', 4),
	(13, '2020_01_26_091910_create_expenses_table', 4),
	(15, '2020_01_26_092003_create_costs_table', 5),
	(16, '2020_01_26_091942_create_suppliers_table', 6),
	(17, '2020_01_26_174057_create_cities_table', 7),
	(18, '2020_01_26_174110_create_materials_table', 7),
	(19, '2020_01_26_174150_create_tvsources_table', 7),
	(20, '2020_01_27_104824_create_divisions_table', 8),
	(21, '2020_01_27_104916_create_renters_table', 8),
	(22, '2020_01_28_125422_create_connections_table', 9);
/*!40000 ALTER TABLE `migrations` ENABLE KEYS */;

-- Дамп структуры для таблица poll_db.own_ecounters
DROP TABLE IF EXISTS `own_ecounters`;
CREATE TABLE IF NOT EXISTS `own_ecounters` (
  `id` int(10) unsigned NOT NULL AUTO_INCREMENT,
  `name` varchar(50) COLLATE utf8mb4_unicode_ci NOT NULL DEFAULT '',
  `text` varchar(100) COLLATE utf8mb4_unicode_ci DEFAULT '',
  `koeff` double(8,2) NOT NULL,
  `tarif` double(8,2) NOT NULL DEFAULT '3.70',
  `created_at` timestamp NOT NULL,
  `updated_at` timestamp NOT NULL DEFAULT CURRENT_TIMESTAMP ON UPDATE CURRENT_TIMESTAMP,
  PRIMARY KEY (`id`)
) ENGINE=InnoDB AUTO_INCREMENT=2 DEFAULT CHARSET=utf8mb4 COLLATE=utf8mb4_unicode_ci;

-- Дамп данных таблицы poll_db.own_ecounters: ~0 rows (приблизительно)
DELETE FROM `own_ecounters`;
/*!40000 ALTER TABLE `own_ecounters` DISABLE KEYS */;
INSERT INTO `own_ecounters` (`id`, `name`, `text`, `koeff`, `tarif`, `created_at`, `updated_at`) VALUES
	(1, 'Счетчик АЗ', 'Собственный счетчик в АЗ МС в комнате охраны', 1.00, 4.10, '2020-01-25 11:42:02', '2020-01-25 11:42:21');
/*!40000 ALTER TABLE `own_ecounters` ENABLE KEYS */;

-- Дамп структуры для таблица poll_db.password_resets
DROP TABLE IF EXISTS `password_resets`;
CREATE TABLE IF NOT EXISTS `password_resets` (
  `email` varchar(255) COLLATE utf8mb4_unicode_ci NOT NULL,
  `token` varchar(255) COLLATE utf8mb4_unicode_ci NOT NULL,
  `created_at` timestamp NULL DEFAULT NULL,
  KEY `password_resets_email_index` (`email`)
) ENGINE=InnoDB DEFAULT CHARSET=utf8mb4 COLLATE=utf8mb4_unicode_ci;

-- Дамп данных таблицы poll_db.password_resets: ~0 rows (приблизительно)
DELETE FROM `password_resets`;
/*!40000 ALTER TABLE `password_resets` DISABLE KEYS */;
/*!40000 ALTER TABLE `password_resets` ENABLE KEYS */;

-- Дамп структуры для таблица poll_db.places
DROP TABLE IF EXISTS `places`;
CREATE TABLE IF NOT EXISTS `places` (
  `id` int(10) unsigned NOT NULL AUTO_INCREMENT,
  `name` varchar(50) COLLATE utf8mb4_unicode_ci NOT NULL DEFAULT '',
  `ecounter_id` int(10) unsigned NOT NULL,
  `created_at` timestamp NOT NULL,
  `updated_at` timestamp NOT NULL DEFAULT CURRENT_TIMESTAMP ON UPDATE CURRENT_TIMESTAMP,
  PRIMARY KEY (`id`),
  KEY `places_ecounter_id_foreign` (`ecounter_id`),
  CONSTRAINT `places_ecounter_id_foreign` FOREIGN KEY (`ecounter_id`) REFERENCES `ecounters` (`id`)
) ENGINE=InnoDB AUTO_INCREMENT=8 DEFAULT CHARSET=utf8mb4 COLLATE=utf8mb4_unicode_ci;

-- Дамп данных таблицы poll_db.places: ~7 rows (приблизительно)
DELETE FROM `places`;
/*!40000 ALTER TABLE `places` DISABLE KEYS */;
INSERT INTO `places` (`id`, `name`, `ecounter_id`, `created_at`, `updated_at`) VALUES
	(1, 'МС Выставка', 3, '2020-01-25 12:20:07', '2020-01-25 12:31:00'),
	(2, 'Складской комплекс', 2, '2020-01-25 12:28:08', '2020-01-25 12:31:20'),
	(3, 'МС ОП', 3, '2020-01-25 12:31:42', '2020-01-25 12:31:42'),
	(4, 'МС ОПГС', 3, '2020-01-25 12:31:56', '2020-01-25 12:31:56'),
	(5, 'Парковка большая', 3, '2020-01-25 12:32:12', '2020-01-25 12:32:12'),
	(6, 'МС Участок №225', 3, '2020-01-25 12:32:27', '2020-01-25 12:32:27'),
	(7, 'МС Участок №225-2', 3, '2020-01-25 12:32:45', '2020-01-25 12:32:45');
/*!40000 ALTER TABLE `places` ENABLE KEYS */;

-- Дамп структуры для таблица poll_db.renters
DROP TABLE IF EXISTS `renters`;
CREATE TABLE IF NOT EXISTS `renters` (
  `id` int(10) unsigned NOT NULL AUTO_INCREMENT,
  `title` varchar(100) COLLATE utf8mb4_unicode_ci NOT NULL,
  `name` varchar(100) COLLATE utf8mb4_unicode_ci NOT NULL,
  `area` varchar(20) COLLATE utf8mb4_unicode_ci NOT NULL,
  `agent` varchar(50) COLLATE utf8mb4_unicode_ci NOT NULL,
  `phone1` varchar(20) COLLATE utf8mb4_unicode_ci DEFAULT NULL,
  `phone2` varchar(20) COLLATE utf8mb4_unicode_ci DEFAULT NULL,
  `encounter` varchar(20) COLLATE utf8mb4_unicode_ci NOT NULL,
  `koeff` double(8,2) NOT NULL DEFAULT '5.80',
  `place_id` int(10) unsigned NOT NULL,
  `status` smallint(6) NOT NULL DEFAULT '1',
  `division_id` int(10) unsigned NOT NULL,
  `created_at` timestamp NOT NULL,
  `updated_at` timestamp NOT NULL DEFAULT CURRENT_TIMESTAMP ON UPDATE CURRENT_TIMESTAMP,
  PRIMARY KEY (`id`),
  KEY `renters_place_id_foreign` (`place_id`),
  KEY `renters_division_id_foreign` (`division_id`),
  CONSTRAINT `renters_division_id_foreign` FOREIGN KEY (`division_id`) REFERENCES `divisions` (`id`),
  CONSTRAINT `renters_place_id_foreign` FOREIGN KEY (`place_id`) REFERENCES `places` (`id`)
) ENGINE=InnoDB AUTO_INCREMENT=243 DEFAULT CHARSET=utf8mb4 COLLATE=utf8mb4_unicode_ci;

-- Дамп данных таблицы poll_db.renters: ~222 rows (приблизительно)
DELETE FROM `renters`;
/*!40000 ALTER TABLE `renters` DISABLE KEYS */;
INSERT INTO `renters` (`id`, `title`, `name`, `area`, `agent`, `phone1`, `phone2`, `encounter`, `koeff`, `place_id`, `status`, `division_id`, `created_at`, `updated_at`) VALUES
	(1, 'ПСК Уютный дом', 'ПСК Уютный дом', '3', 'Баскаков Александр', '+7 (495) 646-00-70', '+7(920) 654-51-00', '8-3', 5.50, 1, 0, 1, '2017-09-22 17:45:31', '2017-09-22 18:34:20'),
	(2, 'Печка - каменка', 'Печка - каменка', 'КПП 2', 'Нахожкин Александр', '0', '0', '2-1', 5.50, 2, 0, 1, '2017-09-22 17:45:34', '2017-09-22 18:34:20'),
	(3, 'ИП Ивочкин', 'ИнтерСити', '4', '0', '0', '0', '8-4', 5.80, 1, 1, 1, '2017-09-22 17:45:37', '2017-09-22 18:34:20'),
	(4, 'ЭкоХаусМонтаж', 'ЭкоХаусМонтаж', '5', 'Барабанов Роман', '7(495) 268-01-38', '0', '8-5', 5.50, 1, 0, 1, '2017-09-22 17:45:39', '2017-09-22 18:34:20'),
	(5, 'ДомоСтрой-ЛСК', 'ДомоСтрой-ЛСК', '6', 'Домострой-ЛСК', '0', '0', '8-6', 5.80, 1, 1, 1, '2017-09-22 17:45:59', '2017-09-22 18:34:20'),
	(6, 'Энерго Девелопмент', 'Энерго Девелопмент', '7', 'Клочков Алексей', '+7(495) 776-63-35', '+7(985) 135-11-35', '8-7', 5.50, 1, 0, 1, '2017-09-22 17:46:02', '2017-09-22 18:34:20'),
	(7, 'ДасХауз', 'ДасХауз', '8', 'Иванов Андрей', '+7(4932) 22-90-22', '+7(925) 713-31-72', '8-8', 5.80, 1, 1, 1, '2017-09-22 17:46:05', '2017-09-22 18:34:20'),
	(8, 'Шельф', 'Шельф', '9', 'Внуков Иван', '+7(495) 517-59-54', '0', '8-9', 5.80, 1, 1, 1, '2017-09-22 17:46:08', '2017-09-22 18:34:20'),
	(9, 'Вологда Сруб', 'Вологда Сруб', '10', 'Николай, Светлана', '+7(916) 178-86-89 ', '+7(903) 280-48-87 ', '8-10', 5.50, 1, 0, 1, '2017-09-22 17:46:11', '2017-09-22 18:34:20'),
	(10, 'Крепость', 'Крепость', '13', 'Фаустова Юлия', '+7(925) 517-31-25', '0', '8-13', 5.50, 1, 0, 1, '2017-09-22 17:46:14', '2017-09-22 18:34:20'),
	(11, 'Правильный дом', 'Аршинстрой', '14', 'Коваленко Валерий', '+7(985) 774-7782', '0', '8-14', 5.80, 1, 1, 1, '2017-09-22 17:47:17', '2017-09-22 18:34:20'),
	(12, 'ДСК Лесдревпром', 'ЛЕСДРЕВПРОМ', '15', 'Гвоздяный Евгений', '+7(909) 162-37-50', '0', '8-15', 5.80, 1, 1, 1, '2017-09-22 17:47:19', '2017-09-22 18:34:20'),
	(13, 'ТАМАК', 'ТАМАК', '16', 'Андрей Палей', '+7(916) 336-76-05', '0', '8-16', 5.80, 1, 1, 1, '2017-09-22 17:47:22', '2017-09-22 18:34:20'),
	(14, 'Стрела-К', 'Стрела-К', '17', 'Мусатов Александр', '+7 (495) 686-53-15', '+7(903) 549-22-73,', '8-17', 5.50, 1, 0, 1, '2017-09-22 17:47:25', '2017-09-22 18:34:20'),
	(15, 'ООО "Альфа"', 'ООО "Альфа"', '18', '-', '-', '-', '8-18', 5.50, 1, 0, 1, '2017-09-22 17:47:28', '2017-09-22 18:34:20'),
	(16, 'ИП Рожков Д.С.', 'Канадская Изба', '19', 'Федоров Сергей', '+7(915) 127-31-98', '0', '8-19', 5.80, 1, 1, 1, '2017-09-22 17:47:40', '2017-09-22 18:34:20'),
	(17, 'КВС-Строй', 'КВС-Строй', '20', 'Строганов Влад', '+7 (495) 506-55-53', '+7(926) 410-77-78', '8-20', 5.50, 1, 0, 1, '2017-09-22 17:48:35', '2017-09-22 18:34:20'),
	(18, 'Золотой феникс', 'Золотой феникс', '21', 'Козлитин Дмитрий', '+7(495) 220-50-88', '+7(916) 528-33-48', '8-21', 5.50, 1, 0, 1, '2017-09-22 17:48:37', '2017-09-22 18:34:20'),
	(19, 'БКК', 'BELHOUSE', '22', 'Сергеев Андрей', '+7 (495) 926-12-19', '0', '8-22', 5.80, 1, 1, 1, '2017-09-22 17:48:41', '2017-09-22 18:34:20'),
	(20, 'НХБС', 'New Home Group', '23', 'Шелгунов Юрий', '+7(495) 215-5-777', '+7(925) 799-70-02', '8-23', 5.80, 1, 1, 1, '2017-09-22 17:48:43', '2017-09-22 18:34:20'),
	(21, 'ИП Лобанова Е.В. (МСДК 24-07/19-110)', 'Подмосковные усадьбы', '24', 'Лобанов Дмитрий', '+7 (916) 420-67-12', '0', '8-24', 5.80, 1, 1, 1, '2017-09-22 17:48:46', '2017-09-22 18:34:20'),
	(22, 'СК Лескон', 'Лескон', '26', 'Аксёнов Григорий', '+7(903) 792-83-19', '0', '8-26', 5.80, 1, 1, 1, '2017-09-22 17:48:49', '2017-09-22 18:34:20'),
	(23, 'Малер Хаус', 'Малер Хаус', '27', 'Малер Владимир', '+7 (495) 959-35-94', '0', '8-27', 5.50, 1, 0, 1, '2017-09-22 17:48:52', '2017-09-22 18:34:20'),
	(24, 'Хоум Форест', 'Хоум Форест', '28', 'Седой Сергей', '+7(495) 227-3-123', '0', '8-28', 4.70, 1, 0, 1, '2017-09-22 17:48:54', '2017-09-22 18:34:20'),
	(25, 'ТД Ардис', 'ТД Ардис', '30', 'Кирсанова Ксения', '+7(495) 589-10-19', '0', '8-30', 5.50, 1, 0, 1, '2017-09-22 17:48:57', '2017-09-22 18:34:20'),
	(26, 'Кедров', 'Кедров', '33', 'Александр Гриднев', '+7(926) 571-08-35', '0', '8-33', 5.50, 1, 0, 1, '2017-09-22 17:49:01', '2017-09-22 18:34:20'),
	(27, 'СК Пересвет', 'СК Пересвет', '34', 'Жарков Игорь', '+7(495) 960-65-44', '0', '8-34', 5.50, 1, 0, 1, '2017-09-22 17:49:04', '2017-09-22 18:34:20'),
	(28, 'Илиор про', 'Илиор про', '35', 'Александр, Иван', '+7(903) 674-56-39', '+7(926) 482-59-40 ', '8-35', 5.50, 1, 0, 1, '2017-09-22 17:49:09', '2017-09-22 18:34:20'),
	(29, 'Альвадом', 'Альвадом', '36', 'Юсупов Алексей', '+7(495) 641-88-82', '0', '8-36', 5.50, 1, 0, 1, '2017-09-22 17:49:12', '2017-09-22 18:34:20'),
	(30, 'Кедр', 'Кедр', '37', 'Соловов Александр', '+7(495) 225-83-64', '+7(909) 997-21-51', '8-37', 5.50, 1, 0, 1, '2017-09-22 17:49:15', '2017-09-22 18:34:20'),
	(31, 'ИП Даниленко', 'ЭКОДОМ', '38', 'Каширин Денис', '+7(495) 799-01-80', '0', '8-38', 5.80, 1, 0, 1, '2017-09-22 17:49:18', '2017-09-22 18:34:20'),
	(32, 'Пеура', 'Пеура', '25', 'Виноградов Алексей', '+7 (925) 772-59-73', '0', '8-25', 5.50, 1, 0, 1, '2017-09-22 17:49:21', '2017-09-22 18:34:20'),
	(33, 'СВА Проект', 'АБС-Строй', '29', 'Ирина Иванова', '+7 (916) 376-59-06', '0', '8-29', 5.80, 1, 0, 1, '2017-09-22 17:49:25', '2017-09-22 18:34:20'),
	(34, 'Древоград.Ру', 'Древоград', '39', 'Ионова Ирина', '+7(985) 924-48-44', '0', '8-39', 5.80, 1, 1, 1, '2017-09-22 17:49:29', '2017-09-22 18:34:20'),
	(35, 'ДОК 78 Н.М.', 'ДОК 78 Н.М.', '40', 'Нихаева О.А.', '+7(962) 509-80-70', '0', '8-40', 5.50, 1, 0, 1, '2017-09-22 17:49:32', '2017-09-22 18:34:20'),
	(36, 'НПК Пеноком', 'НПК Пеноком', '41', 'Татьяна Шурешева', '+7(926) 151-43-30', '0', '8-41', 4.70, 1, 0, 1, '2017-09-22 17:49:35', '2017-09-22 18:34:20'),
	(37, 'Плайн (беседка)', 'Плайн (беседка)', 'ОП 20', 'Нет данных', '0', '0', 'ОП-20', 5.80, 4, 1, 1, '2017-09-22 17:50:08', '2017-09-22 18:34:20'),
	(38, 'Европул', 'Европул', 'ОП 0', 'Нет данных', '0', '0', 'ОПГС-0', 5.80, 3, 1, 1, '2017-09-22 17:50:11', '2017-09-22 18:34:20'),
	(39, 'Ново - Трак', 'Ново - Трак', 'площадка', 'Максим', '0', '0', '3', 5.50, 2, 0, 1, '2017-09-22 17:50:19', '2017-09-22 18:34:20'),
	(40, 'Ново - Трак', 'Ново - Трак', 'бытовка', 'Максим', '0', '0', '4', 5.50, 2, 0, 1, '2017-09-22 17:50:39', '2017-09-22 18:34:20'),
	(41, 'Биком', 'Биком', '5', 'Леонов', '0', '0', '5', 5.80, 2, 1, 3, '2017-09-22 17:50:46', '2017-09-22 18:34:20'),
	(42, 'Ин Трейд', 'Ин Трейд', 'секция 11', 'Громов С.И.', '0', '0', '6', 5.50, 2, 0, 1, '2017-09-22 17:50:49', '2017-09-22 18:34:20'),
	(43, 'Ин Трейд', 'Ин Трейд', 'гараж', 'Громов С.И.', '0', '0', '7', 5.50, 2, 0, 1, '2017-09-22 17:50:51', '2017-09-22 18:34:20'),
	(44, 'Ин Трейд', 'Ин Трейд', 'бытовка 23', 'Громов С.И.', '0', '0', '8', 5.50, 2, 0, 1, '2017-09-22 17:50:54', '2017-09-22 18:34:20'),
	(45, 'Ин Трейд', 'Ин Трейд', 'бытовка 32', 'Громов С.И.', '0', '0', '9', 5.50, 2, 0, 1, '2017-09-22 17:50:56', '2017-09-22 18:34:20'),
	(46, 'Арсенал Мотор', 'Арсенал Мотор', '5/1', 'нет данных', '0', '0', '10', 5.80, 2, 1, 3, '2017-09-22 17:50:43', '2017-09-22 18:34:20'),
	(47, 'ТОПРУ', 'ТОПРУ', '6', ' Михаил', '0', '0', '11', 5.80, 2, 1, 3, '2017-09-22 17:51:02', '2017-09-22 18:34:20'),
	(48, 'ТориксСервис', 'ТориксСервис', 'секция 8/1', 'Сергей Никол', '0', '0', '12', 5.50, 2, 0, 3, '2017-09-22 17:51:54', '2017-09-22 18:34:20'),
	(49, 'ТориксСервис', 'ТориксСервис', 'бытовка 22', 'Сергей Никол', '0', '0', '13', 5.50, 2, 0, 3, '2017-09-22 17:51:58', '2017-09-22 18:34:20'),
	(50, 'Диал Транс', 'Диал Транс', 'бытовка 9/1', ' Диал Транс Игорь', '0', '0', '14', 5.50, 2, 0, 3, '2017-09-22 17:52:14', '2017-09-22 18:34:20'),
	(51, 'Диал Транс', 'Диал Транс', 'бытовка 21', 'Диал Транс Игорь', '0', '0', '15', 5.50, 2, 0, 3, '2017-09-22 17:52:17', '2017-09-22 18:34:20'),
	(52, 'Печка - каменка', 'Печка - каменка', 'секция 10/1', 'Нахошкин А.', '0', '0', '2', 5.50, 2, 0, 3, '2017-09-22 17:52:25', '2017-09-22 18:34:20'),
	(53, 'ИП "Адамайтис"', 'ИП "Адамайтис"', '5/2', 'Константин', '0', '0', '16', 5.80, 2, 1, 3, '2017-09-22 17:52:28', '2017-09-22 18:34:20'),
	(54, 'Лесторг', 'Лесторг', '6', 'нет данных', '0', '0', '6_', 5.50, 4, 0, 1, '2017-09-22 17:57:16', '2017-09-22 18:34:20'),
	(55, 'Параллель', 'Параллель', '8', 'нет данных', '0', '0', '8_', 5.50, 4, 0, 1, '2017-09-22 17:57:19', '2017-09-22 18:34:20'),
	(56, 'ТопсХаус', 'ТопсХаус', '16', 'ТопсХаус', '0', '0', '16_', 5.50, 4, 0, 1, '2017-09-22 17:57:21', '2017-09-22 18:34:20'),
	(57, 'Бауверк Рус', 'Бауверк Рус', '31', 'Вдовин Илья Владимирович', '0', '0', 'К-1', 5.50, 5, 0, 1, '2017-09-22 17:57:24', '2017-09-22 18:34:20'),
	(58, 'Н-ИНЖИНИРИНГ', 'Н-ИНЖИНИРИНГ', 'Рефрижератор', 'Н-ИНЖИНИРИНГ', '0', '0', ' МК- 1', 5.80, 2, 1, 3, '2017-09-22 17:57:28', '2017-09-22 18:34:20'),
	(59, 'Царский Поставщик ', 'Царский Поставщик ', 'бытовка 32', 'Не известно', '0', '0', 'МК-2', 5.50, 2, 0, 1, '2017-09-22 17:57:49', '2017-09-22 18:34:20'),
	(60, 'ИП Полторыхин', 'ИП Полторыхин', 'баня', 'Полторыхин', '0', '0', 'Б-1', 5.50, 4, 0, 1, '2017-09-22 18:00:06', '2017-09-22 18:34:20'),
	(61, 'АвтоЛюкс', 'АвтоЛюкс', 'ОП', 'АвтоЛюкс Петровская Елена', '0', '0', 'ОП 2', 5.80, 2, 1, 3, '2017-09-22 18:00:10', '2017-09-22 18:34:20'),
	(62, 'ВТК', 'ВТК', '23', 'ООО «ВТК»', '0', '0', '23-1', 5.50, 2, 0, 3, '2017-09-22 18:00:13', '2017-09-22 18:34:20'),
	(63, 'ВТК', 'ВТК', '32', 'ООО «ВТК»', '0', '0', '32-1', 5.50, 2, 0, 3, '2017-09-22 18:00:16', '2017-09-22 18:34:20'),
	(64, 'Мосторг', 'Мосторг', '8/2', 'ООО ', '0', '0', '8_2', 5.50, 2, 0, 1, '2017-09-22 18:00:19', '2017-09-22 18:34:20'),
	(65, 'Биком', 'Биком', 'быт.2', 'Леонов', '', '', 'Б-2', 5.80, 2, 1, 3, '2017-09-22 18:00:23', '2017-09-22 18:34:20'),
	(66, 'Кедр', 'Кедр', '22', 'Кедр', '', '', 'ОПГС-22', 5.50, 4, 0, 1, '2017-09-22 18:00:36', '2017-09-22 18:34:20'),
	(67, 'КЛМ АРТ', 'КЛМ АРТ', '13', '?', '', '', 'МС-13', 5.50, 1, 0, 1, '2017-09-22 18:00:43', '2017-09-22 18:34:20'),
	(68, 'ИП Иванов А.В.', 'ИП Иванов А.В.', '2', '?', '', '', 'ОПГС-2', 5.80, 4, 0, 1, '2017-09-22 18:00:47', '2017-09-22 18:34:20'),
	(69, 'Зоотехсервис', 'Зоотехсервис', '5', 'Зоотехсервис', '', '', 'ОПГС-5', 5.50, 4, 0, 1, '2017-09-22 18:00:51', '2017-09-22 18:34:20'),
	(70, 'Мосторг', 'Мосторг', '8/2', 'Мосторг', '', '', '8-1', 5.80, 2, 1, 3, '2017-09-22 18:00:56', '2017-09-22 18:34:20'),
	(71, 'Эко плюс', 'Эко плюс', '8-10', 'ООО «Эко плюс»', '', '', '8-10_', 5.50, 4, 0, 1, '2017-09-22 18:01:08', '2017-09-22 18:34:20'),
	(72, 'Тесляр', 'Тесляр', '9-11', 'ООО Тесляр', '', '', '9-11', 5.50, 4, 0, 1, '2017-09-22 18:01:12', '2017-09-22 18:34:20'),
	(73, 'Бэнпан', 'БЭНПАН', '1', 'Бэнпан', '', '', 'ОПГС-1', 5.80, 1, 1, 1, '2017-09-22 18:01:16', '2017-09-22 18:34:20'),
	(74, 'ТопсХаус (МСМФ-01/18-02)', 'ТопсХаус', '54', 'ИП Клецко', '', '', 'ОПГС-54', 5.80, 4, 0, 1, '2017-09-22 18:01:19', '2017-09-22 18:34:20'),
	(75, 'ТопсХаус', 'ТопсХаус', '3', '-', '', '', 'МС-3', 5.80, 1, 1, 1, '2017-09-22 18:01:23', '2017-09-22 18:34:20'),
	(76, 'Мобил Строй ХХI', 'Мобил Строй ХХI', '1', 'Мобил Строй ХХI', '', '', 'ОПГС 1_1', 5.50, 4, 0, 1, '2017-09-22 18:01:25', '2017-09-22 18:34:20'),
	(77, 'Стальпром', 'Стальпром', 'ОП-1', 'Стальпром', '', '', 'ОП-1', 5.80, 2, 1, 3, '2017-09-22 18:01:28', '2017-09-22 18:34:20'),
	(78, 'Модуль Дом', 'Модуль Дом', '31', 'Модуль Дом', '', '', 'МС-31', 5.50, 1, 0, 1, '2017-09-22 18:01:31', '2017-09-22 18:34:20'),
	(79, 'ИП Гуров', 'ИП Гуров', '2', 'Русский дом', '', '', 'ОПГС - 2', 5.50, 1, 0, 1, '2017-09-22 18:01:37', '2017-09-22 18:34:20'),
	(80, 'Альфа проект', 'Альфа проект', '30', 'Альфа проект', '', '', 'МС 30', 5.50, 1, 0, 1, '2017-09-22 18:01:41', '2017-09-22 18:34:20'),
	(81, 'Диал транс 11/2 сек', 'Диал транс 11/2 сек', '11/2 сек', 'Диал транс 11/2', '', '', '11/2', 5.80, 2, 1, 3, '2017-09-22 18:01:57', '2017-09-22 18:34:20'),
	(82, 'Айс Девайс быт 3', 'Айс Девайс быт 3', 'быт 3', 'Платонов Р.М.', '', '', 'быт 3', 5.80, 2, 1, 3, '2017-09-22 18:02:04', '2017-09-22 18:34:20'),
	(83, 'Айс Девайс 42 конт', 'Айс Девайс 42 конт', '42 конт', 'Платонов Р.М.', '', '', '42 конт', 5.80, 2, 1, 3, '2017-09-22 18:02:07', '2017-09-22 18:34:20'),
	(84, 'ИП Кучугурный 47 конт', 'ИП Кучугурный 47 конт', '47 конт', 'Кучугурный', '', '', '47 конт', 5.80, 2, 1, 3, '2017-09-22 18:02:10', '2017-09-22 18:34:20'),
	(85, 'ВТК', 'ВТК', '11/2 сек', 'ООО ', '', '', '11/2 сек', 5.50, 2, 0, 3, '2017-09-22 18:02:14', '2017-09-22 18:34:20'),
	(86, 'Приват глас', 'Приват глас', 'ОП', 'Премиум глас', '', '', 'оп3', 5.80, 3, 1, 1, '2017-09-22 18:02:19', '2017-09-22 18:34:20'),
	(88, 'АБ Маркет (склад)', 'АБ Маркет (склад)', '10 секция', 'Клочков Ю.В.', '', '', '10 сек', 5.80, 2, 1, 3, '2017-09-22 18:03:18', '2017-09-22 18:34:20'),
	(89, 'АБ Маркет', 'АБ Маркет', 'Бытовка № 23', 'Клочков Ю.В.', '', '', '23-1_', 5.50, 2, 0, 3, '2017-09-22 18:08:07', '2017-09-22 18:34:20'),
	(90, 'АБ Маркет', 'АБ Маркет', 'Бытовка № 32', 'Клочков Ю.В.', '', '', '32-1_', 5.50, 2, 0, 3, '2017-09-22 18:08:04', '2017-09-22 18:34:20'),
	(91, 'Эльма', 'Эльма', 'парковка большая', 'Бурбо Г.А.', '', '', '0.4', 5.80, 5, 1, 1, '2017-09-22 18:08:00', '2017-09-22 18:34:20'),
	(92, 'Наносфера', 'НАНОСФЕРА', '17', 'Хазиева Эльвира', '', '', 'МС-17', 5.80, 1, 1, 1, '2017-09-22 18:07:57', '2017-09-22 18:34:20'),
	(93, 'Автопаркс Ривер', 'Автопаркс Ривер', 'Складской комплекс', 'Табак Максим', '', '', 'Ап/1', 5.80, 2, 1, 3, '2017-09-22 18:07:54', '2017-09-22 18:34:20'),
	(94, 'Я люблю дизайн', 'Я люблю дизайн', '30', 'Жанна Владимировна', '', '', '30/1', 5.50, 1, 0, 1, '2017-09-22 18:07:50', '2017-09-22 18:34:20'),
	(95, 'ИП Рашев', 'ИП Рашев', 'Быт арендатора', 'Рашев Вячеслав', '', '', 'Быт аренд', 5.80, 2, 1, 3, '2017-09-22 18:07:46', '2017-09-22 18:34:20'),
	(97, 'ИП Смирнов Вятские домики', 'ИП Смирнов Вятские домики', '22', 'Дравер Михаил', '', '', '22/1', 5.50, 4, 0, 1, '2017-09-22 18:10:39', '2017-09-22 18:34:20'),
	(98, 'Дрея', 'Дрея', 'Сек 12/1', 'Евсеев Евгений', '', '89031410735', '12/1', 5.80, 2, 1, 3, '2017-09-22 18:10:52', '2017-09-22 18:34:20'),
	(99, 'АРТЕЛЬХАУЗ', 'Артель House', '20', 'Кирилл', '', '', '20', 5.80, 1, 1, 1, '2017-09-22 18:10:56', '2017-09-22 18:34:20'),
	(100, 'РОДНЫЕ ПРОСТОРЫ', 'Родные Просторы', '35', 'Семак Сергей', '89267653725', '', '35', 5.80, 1, 1, 1, '2017-09-22 18:11:11', '2017-09-22 18:34:20'),
	(101, 'Неос ингредиент', 'Неос ингредиент', '12 сек', 'Морозова Н.В.', '', '', '12/2', 5.80, 2, 1, 3, '2017-09-22 18:11:15', '2017-09-22 18:34:20'),
	(102, 'ИП Лянин', 'ИП Лянин', 'ОП баня', 'ИП Лянин', '', '', '', 5.50, 3, 0, 1, '2017-09-22 18:11:19', '2017-09-22 18:34:20'),
	(103, 'ГК Заволжский ДОЗ', 'ZAVDOZ', '33', 'Заволжский ДОЗ', '', '', 'Сч-33', 5.80, 1, 1, 1, '2017-09-22 18:12:39', '2017-09-22 18:34:20'),
	(107, 'Дрея-офис', 'Дрея-офис', 'офис - 22', 'Тарасов А.', '', '', '22/1_', 5.80, 2, 1, 3, '2017-09-22 18:13:37', '2017-09-22 18:34:20'),
	(108, 'Дрея-офис', 'Дрея-офис', 'офис-24', 'Тарасов А.', '', '', '24', 5.80, 2, 1, 3, '2017-09-22 18:13:41', '2017-09-22 18:34:20'),
	(109, 'Дрея-офис', 'Дрея-офис', 'офис - 25', 'Тарасов А.', '', '', '25', 5.80, 2, 1, 3, '2017-09-22 18:13:45', '2017-09-22 18:34:20'),
	(110, 'Дрея-офис', 'Дрея-офис', 'офис-27', 'Тарасов А.', '', '', '27', 5.80, 2, 1, 3, '2017-09-22 18:13:48', '2017-09-22 18:34:20'),
	(111, 'Дрея-офис', 'Дрея-офис', 'офис-29', 'Тарасов А.', '', '', '29', 5.80, 2, 1, 3, '2017-09-22 18:13:51', '2017-09-22 18:34:20'),
	(112, 'АБ Маркет', 'АБ Маркет', 'офис-15', 'Кувшинов Р.', '', '', 'А-15', 5.80, 2, 1, 3, '2017-09-22 18:19:59', '2017-09-22 18:34:20'),
	(113, 'АБ Маркет', 'АБ Маркет', 'офис-16', 'Кувшинов Р.', '', '', 'А-16', 5.80, 2, 1, 3, '2017-09-22 18:19:55', '2017-09-22 18:34:20'),
	(114, 'АБ Маркет', 'АБ Маркет', 'офис-17', 'Кувшинов Р.', '', '', 'А-17', 5.80, 2, 1, 3, '2017-09-22 18:19:52', '2017-09-22 18:34:20'),
	(115, 'АБ Маркет', 'АБ Маркет', 'офис-18', 'Кувшинов Р.', '', '', 'А-18', 5.80, 2, 1, 3, '2017-09-22 18:19:49', '2017-10-03 10:50:39'),
	(116, 'Неос ингридиент-офис', 'Неос ингридиент-офис', 'офис-14', 'Морозова Н.В.', '', '', 'Не-14', 5.80, 2, 1, 3, '2017-09-22 18:19:46', '2017-09-22 18:34:20'),
	(117, 'Диал транс-офис', 'Диал транс-офис', 'офис-12', 'Дмитрий', '', '', 'Д-12', 5.80, 2, 1, 3, '2017-09-22 18:19:30', '2017-09-22 18:34:20'),
	(118, 'Диал транс-офис', 'Диал транс-офис', 'офис-13', 'Дмитрий', '', '', 'Д-13', 5.80, 2, 1, 3, '2017-09-22 18:19:26', '2017-09-22 18:34:20'),
	(119, 'Линкс-офис', 'Линкс-офис', 'офис-11', 'Кайсина Е.М.', '', '', 'Сс-11', 5.80, 2, 1, 3, '2017-09-22 18:19:20', '2017-09-22 18:34:20'),
	(120, 'Автопаркс-офис', 'Автопаркс-офис', 'офис-10', 'Табак Максим', '', '', 'Ав-10', 5.80, 2, 1, 3, '2017-09-22 18:19:16', '2017-09-22 18:34:20'),
	(121, 'Автопаркс-офис', 'Автопаркс-офис', 'офис-20', 'Табак Максим', '', '', 'Ав-20', 5.80, 2, 1, 3, '2017-09-22 18:19:13', '2017-09-22 18:34:20'),
	(122, 'Автопаркс-офис', 'Автопаркс-офис', 'офис-21', 'Табак Максим', '', '', 'Ав-21', 5.80, 2, 1, 3, '2017-09-22 18:19:10', '2017-09-22 18:34:20'),
	(123, 'ИП Лобанова Е.В. (МСДК 24-07/19-111)', 'Подмосковные усадьбы', '25', 'Лобанов', '', '', '8-25_', 5.80, 1, 1, 1, '2017-09-22 18:19:07', '2017-09-22 18:34:20'),
	(125, 'КРС Карпет', 'КРС Карпет', 'сек 8/1 СК', 'Амирбеков Габил', '', '', '8/1', 5.80, 2, 1, 3, '2017-09-22 18:18:58', '2017-09-22 18:34:20'),
	(127, 'Компания СВ (склад)', 'Компания СВ (склад)', '11/2', 'Царева Т.Ю.', '', '', 'Св-11/2', 5.80, 2, 1, 3, '2017-09-22 18:27:14', '2017-09-22 18:34:20'),
	(128, 'ООО Алекс групп', 'ООО Алекс групп', ' ОП СК реклама', 'Дранишников Денис', '', '', 'ОП рекл', 5.80, 2, 1, 3, '2017-09-22 18:27:18', '2017-09-22 18:34:20'),
	(129, 'ИП Нижников', 'ИП Нижников', '13', 'Виталий', '', '', 'Ни-1', 5.50, 4, 0, 1, '2017-09-22 18:27:22', '2017-09-22 18:34:20'),
	(130, 'Линкс', 'Линкс', 'сек 11/2', 'Кайсина Елена', '', '', 'Сс-11/2', 5.80, 2, 1, 3, '2017-09-22 18:27:56', '2017-09-22 18:34:20'),
	(131, 'ИП Рашев секция 9/1', 'ИП Рашев секция 9/1', 'СК сек 9/1', 'Дмитрий', '', '', '9/1', 5.80, 2, 1, 3, '2017-09-22 18:27:44', '2017-09-22 18:34:20'),
	(132, 'Альказар строй', 'Альказар строй', 'ОПГС 2', 'Александр', '', '', 'опгс 2', 5.50, 4, 0, 1, '2017-09-22 18:27:48', '2017-09-22 18:34:20'),
	(133, 'ИП Тютюник', 'ИП Тютюник', 'ОПГС 9-11', 'Андрей', '', '', 'опгс 9-11', 5.80, 4, 0, 1, '2017-09-22 18:28:16', '2017-09-22 18:34:20'),
	(134, 'Смарт Проджектс', 'Concept Life', '12', 'нет данных', '', '', 'Кц-1', 5.80, 1, 0, 1, '2017-09-22 18:28:19', '2017-10-02 11:10:48'),
	(135, 'КРС Карпет офис', 'КРС Карпет офис', 'офис-18', 'Зара', '', '', 'Кп-18', 5.80, 2, 1, 3, '2017-09-22 18:28:56', '2017-09-22 18:34:20'),
	(136, 'КРС Карпет офис', 'КРС Карпет офис', '19 офис', 'Зара', '', '', 'Кп-19', 5.80, 2, 1, 3, '2017-09-22 18:28:59', '2017-09-22 18:34:20'),
	(137, 'Компания СВ (офис)', 'Компания СВ (офис)', '28 офис', 'Соболева Н.', '', '', 'Ксв-28', 5.80, 2, 1, 3, '2017-09-22 18:29:04', '2017-09-22 18:34:20'),
	(138, 'ООО Электроникс офис', 'ООО Электроникс офис', '29 б офис', 'Андрей', '', '', '29 б', 5.80, 2, 1, 3, '2017-09-22 18:29:26', '2017-09-22 18:34:20'),
	(140, 'Эко Комплект', 'Эко Комплект', '21', 'андрей', '', '', 'Э-1', 5.50, 1, 0, 1, '2017-09-22 18:33:03', '2017-09-22 18:34:20'),
	(141, 'ИП Домогацкий С.А.', 'EcoComplect', '21', 'Андрей', '', '', 'Д-21', 5.80, 1, 1, 1, '2017-09-22 18:33:06', '2017-09-22 18:34:20'),
	(142, 'Центурион', 'Сибирский лес', '30', 'Коновалов роман', '', '', 'Ц-30', 5.80, 1, 0, 1, '2017-09-22 18:33:09', '2017-09-22 18:34:20'),
	(143, 'Новые строительные технологии МСДК', 'Новые строительные технологии МСДК', '41', 'Валера', '', '', '41_', 5.50, 1, 0, 1, '2017-09-22 18:33:11', '2017-09-22 18:34:20'),
	(144, 'Бигхаус', 'Бигхаус', 'СК оп', 'Роберт', '', '', 'ОП-Б', 5.80, 2, 1, 3, '2017-09-22 18:33:14', '2017-09-22 18:34:20'),
	(145, 'ИП Даровский', 'ИП Даровский', 'ОПГС-22', 'Елена', '', '', 'опгс22', 5.80, 4, 0, 1, '2017-09-22 18:33:16', '2017-09-22 18:34:20'),
	(146, 'Дом 250', 'Дом 250', '31', 'Александр', '', '', 'С-31', 5.50, 1, 0, 1, '2017-09-22 18:33:19', '2017-09-22 18:34:20'),
	(147, 'ООО"Альфа"', 'ООО"Альфа"', '31', 'Александр', '', '', 'Сч-31', 4.70, 1, 0, 1, '2017-09-22 18:33:22', '2017-09-22 18:34:20'),
	(148, 'ИП Андриянов А.А.', 'CitySIP', '28', 'Александр Андриянов', '', '', 'С-28', 5.80, 1, 1, 1, '2017-09-22 18:33:25', '2017-09-22 18:34:20'),
	(149, 'Неос ингридиент зарядка', 'Неос ингридиент зарядка', '12 сек зап', 'Ломайчикова', '', '', '12/зар', 5.80, 2, 1, 3, '2017-09-22 18:33:29', '2017-09-22 18:34:20'),
	(150, 'ООО Альфа', 'ООО Альфа', '31', 'Александр', '', '', 'МС-31_', 5.50, 1, 0, 1, '0000-00-00 00:00:00', '2017-10-10 10:31:53'),
	(153, 'РМИ Строй профи', 'РМИ Строй профи', '57', 'Драйвер М.', '', '', 'опгс 57', 5.80, 4, 0, 1, '2017-12-11 14:46:54', '2017-12-11 14:46:54'),
	(154, 'Биг Хаус', 'Биг Хаус', 'ОП', 'Роберт', '', '', 'ОП- 3', 5.80, 3, 1, 1, '2018-01-09 09:09:40', '2018-01-09 09:09:40'),
	(155, 'Бани-бочки', 'Бани бочки', '50Б', 'Дмитрий', '', '', '50б', 5.80, 6, 1, 1, '2018-01-09 09:12:49', '2018-01-09 09:12:49'),
	(156, 'Вилладж Хаузес', 'Village Houses', '27', 'Вилладж Хаузес', '', '', '27-1', 5.80, 1, 0, 1, '2018-01-09 09:33:09', '2018-01-09 09:33:09'),
	(157, 'НатурХаус', 'НатурХаус', '31', 'Михайлов Вадим Геннадьевич', '', '8-903-724-13-31', '31/1', 5.50, 1, 0, 1, '2018-01-17 12:31:32', '2018-01-17 12:31:32'),
	(158, 'ООО "Модуль Фрейм"', 'Модуль Фрейм', '49', 'Михаил Данюков', '', '8-919-243-55-94', '49', 5.80, 6, 0, 1, '2018-02-26 13:56:16', '2018-02-26 13:56:16'),
	(159, 'ООО "СК Кудесник"', 'Кудесник77', '43б', 'Сергей', '', '8-965-339-21-30', '43б', 5.80, 6, 0, 1, '2018-02-26 13:59:42', '2018-02-26 13:59:42'),
	(160, 'ИД МСК', 'SMART.IdeaDom', '40', 'Дмитрий', '', '', '40', 5.80, 1, 1, 1, '2018-03-12 10:41:01', '2018-03-12 10:41:01'),
	(161, 'Эко-тех', 'Эко-Тех', '47 В', 'Денис', '', '', '50в', 5.80, 6, 0, 1, '2018-03-12 10:41:51', '2018-03-12 10:41:51'),
	(162, 'РМИ СТРОЙ ПРОФИ', 'РМИ СТРОЙ ПРОФИ', '7 ОПГС', 'Александр', '', '', '7/опгс', 5.80, 4, 0, 1, '2018-04-01 15:21:26', '2018-04-01 15:21:26'),
	(163, 'ООО Джин Констракшн рус', 'ООО Джин Констракшн рус', '44', 'Матвей', '', '', '44', 5.80, 6, 0, 1, '2018-04-05 09:16:21', '2018-04-05 09:16:21'),
	(164, 'Лигас', 'Лигас', '45Б', 'Сергей', '', '', '45б', 5.80, 6, 1, 1, '2018-04-05 09:17:08', '2018-04-05 09:17:08'),
	(165, 'ТриалСервис', 'Ангарский Дом', '13', 'Александр', '', '', '13_', 5.80, 1, 1, 1, '2018-04-23 11:57:53', '2018-04-23 11:57:53'),
	(166, 'ООО "Стройресурс"', 'ООО "Стройресурс"', 'ОПГС 8', 'Сергей', '', '', 'опгс 8', 5.80, 4, 0, 1, '2018-05-01 11:04:59', '2018-05-01 11:04:59'),
	(167, 'Матрица', 'Матрица', '7', 'Михаил Анатольевич', '', '', '7 МС', 5.80, 1, 1, 1, '2018-05-01 11:37:19', '2018-05-01 11:37:19'),
	(168, 'Руссрубстрой', 'Руссрубстрой', '22 ОПГС', 'Николай', '', '', '22/2', 5.80, 4, 1, 1, '2018-05-30 11:09:59', '2018-05-30 11:09:59'),
	(169, 'Палитра коттедж', 'Палитра коттедж', '13 ОПГС', 'Роман', '', '', '13/2', 5.50, 4, 0, 1, '2018-05-30 11:10:47', '2018-05-30 11:10:47'),
	(170, 'Строй ресурс', 'Строй ресурс', '8 ОПГС', 'Роман', '', '', '8/2', 5.80, 4, 0, 1, '2018-05-30 11:11:59', '2018-05-30 11:11:59'),
	(171, 'ИП Золина', 'Дача по карману', '42Б', 'Валерия Александровна', '', '', '42б', 5.80, 6, 1, 1, '2018-05-30 11:15:52', '2018-05-30 11:15:52'),
	(172, 'Макс Хаус', 'Макс Хаус', '2', 'Владимир', '', '', '2_', 5.80, 1, 0, 1, '2018-06-04 09:10:55', '2018-06-04 09:10:55'),
	(173, 'СК Прогресс', 'Polar House', '37', 'Александр', '', '', '37', 5.80, 1, 0, 1, '2018-06-04 09:11:45', '2018-06-04 09:11:45'),
	(174, 'ИП Любушкин Т.Е.', 'ДревСтроим', '45 А', 'Тимур', '', '', '45а', 5.80, 6, 1, 1, '2018-06-04 09:12:56', '2018-06-04 09:12:56'),
	(175, 'Лесной доктор', 'ЦНА', '43 б (225)', 'Сергей', '', '', '43 б', 5.80, 6, 0, 1, '2018-06-04 09:13:48', '2018-06-04 09:13:48'),
	(177, 'Дом Вашей мечты', 'NorHome', '34', 'Сергей', '', '', '34', 5.80, 1, 0, 1, '2018-06-04 09:17:17', '2018-06-04 09:17:17'),
	(178, 'Эко гарден', 'ЭкоГарден', '50', 'Александр', '', '', '50', 5.80, 6, 0, 1, '2018-06-04 09:18:25', '2018-06-04 09:18:25'),
	(179, 'Алиханов', 'Энки', '42а', 'Вадим', '', '', '42а', 5.80, 6, 0, 1, '2018-06-04 09:19:07', '2018-06-04 09:19:07'),
	(180, 'ТД Креатив', 'BOXLAB', '42В', 'Максим', '', '', '42в', 5.80, 6, 0, 1, '2018-06-04 09:21:01', '2018-06-04 09:21:01'),
	(181, 'Эко-Тех (по договор_МСДК-225-47-01/18-09 )', 'Эко-Тех', '47', 'Дмитрий', '', '', '47', 5.80, 6, 1, 1, '2018-06-04 09:21:56', '2018-06-04 09:21:56'),
	(183, 'СМИ Строй профи', 'СМИ Строй профи', '7 ОПГС', 'Владимир', '', '', '7-опгс', 5.80, 4, 0, 1, '2018-06-04 09:24:33', '2018-06-04 09:24:33'),
	(184, 'УМ-11', 'УМ-11', 'ОП СК', 'Денис', '', '', 'УМ-11', 5.80, 2, 1, 3, '2018-06-05 11:26:33', '2018-06-05 11:26:33'),
	(186, 'ИП Белевский', 'ИП Белевский', 'ОП МС', 'Александр', '', '', 'ОП-4', 5.80, 3, 1, 1, '2018-08-01 08:34:40', '2018-08-01 08:34:40'),
	(187, 'ИП Мякишев', 'ИП Мякишев', 'ОПГС 1 ', 'Дмитрий', '', '', 'ОПГС !', 5.80, 4, 0, 1, '2018-08-01 09:18:43', '2018-08-01 09:18:43'),
	(188, 'МОЙ ЗАГОРОДНЫЙ ДОМ', 'Мой загородный дом', '41', 'Владимир', '', '8-906-746-96-73', '41', 5.80, 1, 1, 1, '2018-08-07 15:03:30', '2018-08-07 15:03:30'),
	(189, 'Современная строительная компания', 'Наш дом', '36', 'Михайлов Денис', '', '', '36', 5.80, 1, 1, 1, '2018-09-19 10:51:44', '2018-09-19 10:51:44'),
	(191, 'РУСТЕРЕМ', 'РУСТЕРЕМ', '10', 'Тихая Светлана', '', '', '10/1', 5.80, 1, 1, 1, '2018-10-09 10:31:12', '2018-10-09 10:31:12'),
	(192, 'Шатура строй', 'Шатура строй', '42', 'Бажин Тимофей', '', '', '42', 5.80, 6, 1, 1, '2018-10-10 11:37:53', '2018-10-10 11:37:53'),
	(193, 'Атоплюс', 'Атоплюс', 'гараж СК', 'Михаил', '', '', 'гараж', 5.80, 2, 1, 3, '2018-10-17 14:31:50', '2018-10-17 14:31:50'),
	(194, 'Неос ингридиент', 'Неос ингридиент', 'офис бвз 26 пом', 'Морозова наталья', '', '', '26 оф', 5.80, 2, 1, 3, '2018-11-15 13:04:38', '2018-11-15 13:04:38'),
	(195, 'Компания СВ (офис)', 'Компания СВ (офис)', 'офис бвз 29 пом', 'Царева Татьяна', '', '', '29 оф', 5.80, 2, 1, 3, '2018-11-15 13:05:46', '2018-11-15 13:05:46'),
	(197, ' Наш пар', ' Наш пар', '66 опгс', 'Киселкин Евгений', '', '', '66', 5.80, 4, 0, 1, '2018-11-26 11:27:48', '2018-11-26 11:27:48'),
	(198, 'База Бруса', 'Idea House', '45', 'Александр', '', '', '45', 5.80, 6, 1, 1, '2018-12-02 15:09:33', '2018-12-02 15:09:33'),
	(199, 'АприориАльберо', 'Априори альберо', '48', 'Виталий', '', '', '48', 5.80, 6, 1, 1, '2018-12-02 15:10:36', '2018-12-02 15:10:36'),
	(200, 'ЦНА (МСДК-225-43-11/18-25)', 'ЦНА', '43', 'Виталий', '', '', '43В', 5.80, 6, 1, 1, '2018-12-06 09:37:01', '2018-12-06 09:37:01'),
	(201, 'ООО "ЦНА"', 'ЦНА', '45В - 225', 'Александр', '', '', '45в 225', 5.80, 6, 0, 1, '2018-12-24 09:45:53', '2018-12-24 09:45:53'),
	(204, 'ИП Редькин ', 'ИП Редькин ', 'ОП СК', 'Олег', '', '', 'оп/4', 5.80, 2, 1, 3, '2019-02-03 14:01:31', '2019-02-03 14:01:31'),
	(205, 'Техноинжиниринг', 'Волга', '18 ', 'Витаоий', '', '', '18', 5.80, 1, 0, 1, '2019-03-18 12:54:08', '2019-03-18 12:54:08'),
	(206, 'ИП Гиматдинова Л.В. - Супер бани', 'ИП Гиматдинова Л.В. - Супер бани', 'ОПГС 8-10', 'Марат', '', '', 'ОПГС 8', 5.80, 4, 0, 1, '2019-03-28 12:54:42', '2019-03-28 12:54:42'),
	(207, 'ООО Агроформер', 'ООО Агроформер', 'СК ОП', 'Дмитрий', '', '', '9 СК ОП', 5.80, 2, 1, 3, '2019-04-08 11:06:26', '2019-04-08 11:06:26'),
	(208, 'ООО Агроформер', 'ООО Агроформер', 'БВЗ СК офис 21', 'Дмитрий', '', '', '21 БВЗ', 5.80, 2, 1, 3, '2019-04-11 08:04:00', '2019-04-11 08:04:00'),
	(209, 'Апельсин', 'Апельсин', '44', 'Андрей', '', '', '44', 5.80, 6, 1, 1, '2019-04-16 13:05:04', '2019-04-16 13:05:04'),
	(210, 'ХоумФорест', 'ХоумФорест', '2', 'Дмитрий', '', '', '2', 5.80, 1, 1, 1, '2019-04-29 10:48:19', '2019-04-29 10:48:19'),
	(211, 'ТК Петролиум', 'ТК Петролиум', 'СК ОП', 'Дмитрий', '', '', 'ск оп 8', 5.80, 2, 1, 3, '2019-04-29 11:07:57', '2019-04-29 11:07:57'),
	(212, 'Вятский Терем', 'Вятский Терем', '5', 'Максим', '', '', '5-МС', 5.80, 1, 1, 1, '2019-05-21 13:34:52', '2019-05-21 13:34:52'),
	(215, 'Неос ингридиент', 'Неос ингридиент', 'СК БВЗ 11 пом', 'Морозова', '', '', 'БВЗ 11', 5.80, 2, 1, 3, '2019-06-02 12:25:22', '2019-06-02 12:25:22'),
	(216, 'ООО Сириус Стар', 'ООО Сириус стар', '53 ОПГС', 'Александр', '', '', '53', 5.80, 4, 0, 1, '2019-07-02 11:14:36', '2019-07-02 11:14:36'),
	(217, 'Центурион', 'ООО Центурион', '31 ', 'Роман', '', '', '31', 5.80, 1, 1, 1, '2019-07-02 11:15:46', '2019-07-02 11:15:46'),
	(218, 'ЭКОКОМПЛЕКТ', 'EcoComplect', '51', 'Домагадский', '', '', '51', 5.80, 7, 1, 1, '2019-07-17 13:39:22', '2019-07-17 13:39:22'),
	(219, 'Биком', 'Биком', 'ОП СК', 'Николай', '', '', 'биком 3', 5.80, 2, 1, 3, '2019-07-17 13:40:23', '2019-07-17 13:40:23'),
	(220, 'ИП Сахаров', 'ИП Сахаров', 'Большая парковка', 'Александр', '', '', 'парковка', 5.80, 5, 1, 1, '2019-08-01 09:18:48', '2019-08-01 09:18:48'),
	(221, 'ООО Биком  быт 3', 'ООО Биком быт 3', 'СК ОП', 'Владимир', '', '', 'Биком быт 3', 5.80, 2, 1, 3, '2019-08-01 09:53:36', '2019-08-01 09:53:36'),
	(223, 'Автомаркет - 20 БВЗ СК', 'Автомаркет - 20 БВЗ СК', 'СК', 'Иванова Ирина', '', '', '20 БВЗ', 5.80, 2, 1, 3, '2019-09-01 12:35:23', '2019-09-01 12:35:23'),
	(224, 'ООО  Марстек', 'ООО  Марстек', 'СК сек 9/2', 'Олег', '', '', '92/', 5.80, 2, 1, 3, '2019-09-01 13:22:54', '2019-09-01 13:22:54'),
	(225, 'ИП Тютюник А.В. МСДК-225-60а-08/19-35', 'Новый Город', '60А', 'Тютюник Алексей', '', '', '60а', 5.80, 7, 1, 1, '2019-09-09 08:52:59', '2019-09-09 08:52:59'),
	(226, 'Дачный ответ', 'Дачный ответ', '53', 'Станислав', '', '', '53', 5.80, 7, 1, 1, '2019-09-30 09:35:34', '2019-09-30 09:35:34'),
	(227, 'Город Домов', 'Город Домов', '18', 'Алексей', '', '', '18', 5.80, 1, 1, 1, '2019-09-30 09:36:18', '2019-09-30 09:36:18'),
	(228, 'ЦНА (МСДК-225-52-07/19-33)', 'ЦНА', '52', 'Станислав', '', '', '52', 5.80, 7, 1, 1, '2019-09-30 09:37:00', '2019-09-30 09:37:00'),
	(229, 'Неолин', 'Неолин', 'СК БВЗ пом 26', 'Татьяна', '', '', '26', 5.80, 2, 1, 3, '2019-09-30 10:22:36', '2019-09-30 10:22:36'),
	(230, 'Город Домов', 'Город Домов', '59', 'Андрей', '', '', '59', 5.80, 7, 0, 1, '2019-10-03 09:09:08', '2019-10-03 09:09:08'),
	(231, 'ЦНА (МСДК-225-58а-09/19-38)', 'ЦНА', '58А', 'Станислав', '', '', '58а', 5.80, 7, 1, 1, '2019-10-28 10:59:14', '2019-10-28 10:59:14'),
	(232, 'ИП Гиматдинова Л.В.', 'ИП Гиматдинова Л.В.', '54А', 'Марат', '', '', '54а', 5.80, 7, 1, 1, '2019-10-28 11:03:35', '2019-10-28 11:03:35'),
	(233, 'Дачный ответ', 'Дачный ответ', '54', 'Дачный ответ', '', '', '54', 5.80, 7, 1, 1, '2019-12-03 19:06:46', '2019-12-03 19:06:46'),
	(234, 'ИП Тютюник А.В. МСДК-225-60а-08/19-36', 'Новый Город', '60Б', 'Новый Город', '', '', '60б', 5.80, 7, 1, 1, '2019-12-03 19:13:06', '2019-12-03 19:13:06'),
	(235, 'Сибиряк', 'Сибиряк', '50а/1', 'Сибиряк', '', '', '50а/1', 5.80, 6, 1, 1, '2019-12-05 12:03:02', '2019-12-05 12:03:02'),
	(236, 'ИП Карачев А.И.', 'ИП Карачев А.И.', '50а/2', 'ИП Карачев А.И.', '', '', '50а/2', 5.80, 6, 1, 1, '2019-12-05 12:03:54', '2019-12-05 12:03:54'),
	(237, 'ДомПрофи', 'ДомПрофи', '58В', 'ДомПрофи', '', '', '58в', 5.80, 7, 1, 1, '2019-12-05 12:09:32', '2019-12-05 12:09:32'),
	(238, 'ООО Дрея', 'ООО Дрея', 'СК сек № 11/1', 'Максим', '', '', '11/1', 5.80, 2, 1, 3, '2020-01-14 10:36:15', '2020-01-14 10:36:15'),
	(239, 'ИП Осокин', 'ИП Осокин', 'СК БВЗ пом 10', 'Дмитрий', '', '', 'БВЗ 10', 5.80, 2, 1, 3, '2020-01-15 10:25:56', '2020-01-15 10:25:56'),
	(240, 'ИП Осокин', 'ИП Осокин', 'СК БВЗ пом 12', 'Дмитрий', '', '', 'БВЗ 12', 5.80, 2, 1, 3, '2020-01-15 10:26:48', '2020-01-15 10:26:48'),
	(241, 'ИП Осокин', 'ИП Осокин', 'СК БВЗ пом 13', 'Дмитрий', '', '', 'БВЗ 13', 5.80, 2, 1, 3, '2020-01-15 10:27:41', '2020-01-15 10:27:41'),
	(242, 'Доме дом', 'Доме дом', '49', 'Евгений', '', '', '49', 5.80, 6, 1, 1, '2020-01-21 15:46:21', '2020-01-21 15:46:21');
/*!40000 ALTER TABLE `renters` ENABLE KEYS */;

-- Дамп структуры для таблица poll_db.roles
DROP TABLE IF EXISTS `roles`;
CREATE TABLE IF NOT EXISTS `roles` (
  `id` int(10) unsigned NOT NULL AUTO_INCREMENT,
  `code` varchar(70) COLLATE utf8mb4_unicode_ci NOT NULL,
  `name` varchar(100) COLLATE utf8mb4_unicode_ci NOT NULL,
  `created_at` timestamp NOT NULL,
  `updated_at` timestamp NOT NULL DEFAULT CURRENT_TIMESTAMP ON UPDATE CURRENT_TIMESTAMP,
  PRIMARY KEY (`id`),
  UNIQUE KEY `roles_code_unique` (`code`)
) ENGINE=InnoDB AUTO_INCREMENT=8 DEFAULT CHARSET=utf8mb4 COLLATE=utf8mb4_unicode_ci;

-- Дамп данных таблицы poll_db.roles: ~7 rows (приблизительно)
DELETE FROM `roles`;
/*!40000 ALTER TABLE `roles` DISABLE KEYS */;
INSERT INTO `roles` (`id`, `code`, `name`, `created_at`, `updated_at`) VALUES
	(1, 'admin', 'Администратор', '2020-01-22 17:59:20', '2020-01-22 17:59:20'),
	(2, 'director', 'Директор', '2020-01-23 11:26:28', '2020-01-23 11:26:28'),
	(3, 'manager', 'Менеджер', '2020-01-23 12:01:37', '2020-01-23 12:01:37'),
	(4, 'guard', 'Охрана', '2020-01-23 12:02:39', '2020-01-23 12:02:39'),
	(5, 'energy', 'Энергетик', '2020-01-23 12:03:54', '2020-01-23 12:03:54'),
	(6, 'market', 'Маркетолог', '2020-01-23 12:05:00', '2020-01-23 12:05:00'),
	(7, 'poll', 'Интервьюер', '2020-01-23 12:06:03', '2020-01-23 12:06:03');
/*!40000 ALTER TABLE `roles` ENABLE KEYS */;

-- Дамп структуры для таблица poll_db.role_user
DROP TABLE IF EXISTS `role_user`;
CREATE TABLE IF NOT EXISTS `role_user` (
  `id` int(10) unsigned NOT NULL AUTO_INCREMENT,
  `role_id` int(10) unsigned NOT NULL,
  `user_id` int(10) unsigned NOT NULL,
  `created_at` timestamp NOT NULL,
  `updated_at` timestamp NOT NULL DEFAULT CURRENT_TIMESTAMP ON UPDATE CURRENT_TIMESTAMP,
  PRIMARY KEY (`id`),
  KEY `role_user_role_id_foreign` (`role_id`),
  KEY `role_user_user_id_foreign` (`user_id`),
  CONSTRAINT `role_user_role_id_foreign` FOREIGN KEY (`role_id`) REFERENCES `roles` (`id`),
  CONSTRAINT `role_user_user_id_foreign` FOREIGN KEY (`user_id`) REFERENCES `users` (`id`)
) ENGINE=InnoDB AUTO_INCREMENT=9 DEFAULT CHARSET=utf8mb4 COLLATE=utf8mb4_unicode_ci;

-- Дамп данных таблицы poll_db.role_user: ~6 rows (приблизительно)
DELETE FROM `role_user`;
/*!40000 ALTER TABLE `role_user` DISABLE KEYS */;
INSERT INTO `role_user` (`id`, `role_id`, `user_id`, `created_at`, `updated_at`) VALUES
	(2, 1, 1, '2020-01-23 12:48:13', '2020-01-23 12:48:13'),
	(3, 4, 2, '2020-01-23 13:18:14', '2020-01-23 13:18:14'),
	(4, 5, 3, '2020-01-23 13:28:50', '2020-01-23 13:28:50'),
	(5, 2, 4, '2020-01-23 13:36:03', '2020-01-23 13:36:03'),
	(7, 2, 5, '2020-01-23 13:39:48', '2020-01-23 13:39:48'),
	(8, 3, 6, '2020-01-25 06:41:23', '2020-01-25 06:41:23');
/*!40000 ALTER TABLE `role_user` ENABLE KEYS */;

-- Дамп структуры для таблица poll_db.suppliers
DROP TABLE IF EXISTS `suppliers`;
CREATE TABLE IF NOT EXISTS `suppliers` (
  `id` int(10) unsigned NOT NULL AUTO_INCREMENT,
  `name` varchar(100) COLLATE utf8mb4_unicode_ci NOT NULL,
  `created_at` timestamp NULL DEFAULT NULL,
  `updated_at` timestamp NULL DEFAULT NULL,
  PRIMARY KEY (`id`)
) ENGINE=InnoDB AUTO_INCREMENT=35 DEFAULT CHARSET=utf8mb4 COLLATE=utf8mb4_unicode_ci;

-- Дамп данных таблицы poll_db.suppliers: ~33 rows (приблизительно)
DELETE FROM `suppliers`;
/*!40000 ALTER TABLE `suppliers` DISABLE KEYS */;
INSERT INTO `suppliers` (`id`, `name`, `created_at`, `updated_at`) VALUES
	(1, 'ООО ИТЦ "ФОКС"', '2019-04-16 12:04:54', '2019-04-16 12:04:54'),
	(2, 'ООО "Манго Телеком"', '2019-04-16 12:07:43', '2019-04-16 12:07:43'),
	(3, 'ООО "МВМ"', '2019-04-16 12:08:14', '2019-04-16 12:08:14'),
	(4, 'Дата-центр DEAC', '2019-04-16 13:40:31', '2019-04-16 13:40:31'),
	(5, 'ООО «Веб-Центр»', '2019-04-16 13:48:16', '2019-04-16 13:48:16'),
	(6, 'ООО "Зеро АйТи"', '2019-04-16 13:57:19', '2019-04-16 13:57:19'),
	(8, 'АО «РСИЦ»', '2019-04-16 14:04:05', '2019-04-16 14:04:05'),
	(9, 'ООО "СофтЛайн Интернет Трейд "', '2019-04-16 14:09:00', '2019-04-16 14:09:00'),
	(10, 'ООО "ИИТ"', '2019-04-16 14:14:24', '2019-04-16 14:14:24'),
	(11, 'ООО "АВК-КОННЕКТ"', '2019-04-16 14:21:54', '2019-04-16 14:21:54'),
	(12, 'ООО "Такском"', '2019-04-16 14:24:10', '2019-04-16 14:24:10'),
	(13, 'Тензор', '2019-04-16 14:26:34', '2020-01-26 12:50:55'),
	(14, 'ООО "Информационные технологии и коммуникации"', '2019-04-16 14:28:33', '2019-04-16 14:28:33'),
	(15, 'ООО "Алмател"', '2019-04-16 14:33:27', '2019-04-16 14:33:27'),
	(16, 'Билайн', '2019-04-16 14:35:32', '2019-04-16 14:35:32'),
	(17, 'ООО "Регард МСК"', '2019-04-17 11:54:23', '2020-01-26 12:33:24'),
	(18, 'ООО "Ситилинк"', '2019-04-17 12:02:20', '2019-04-17 12:02:20'),
	(19, 'ООО "Юлплейс"', '2019-04-17 12:03:54', '2019-04-17 12:03:54'),
	(20, 'ООО «ИНТЕРЛИНК»', '2019-04-17 12:05:35', '2019-04-17 12:05:35'),
	(21, 'ООО "ВДГБ:ИТС"', '2019-04-17 12:12:44', '2019-04-17 12:12:44'),
	(22, 'ООО "Сейл Электроникс"', '2019-04-17 12:19:00', '2019-04-17 12:19:00'),
	(23, 'Максим', '2019-04-17 12:28:10', '2019-04-17 12:28:10'),
	(24, 'МТС', '2019-04-17 13:20:35', '2019-04-17 13:20:35'),
	(25, 'SMS.RU', '2019-04-17 13:23:20', '2019-04-17 13:23:20'),
	(26, 'ООО "АйтиКом"', '2019-05-24 13:23:05', '2019-05-24 13:23:05'),
	(27, 'ООО «1С-Битрикс»', '2019-05-24 13:24:52', '2019-05-24 13:24:52'),
	(28, 'Мегафон', '2019-05-28 10:29:18', '2019-05-28 10:29:18'),
	(29, 'ООО "Тим. Компьютерные системы"', '2019-06-05 15:39:54', '2019-06-05 15:39:54'),
	(30, 'ООО "Электроникс-МСК"', '2019-07-26 13:50:07', '2019-07-26 13:50:07'),
	(31, 'ООО "Первый ВПС"', '2019-12-02 15:17:56', '2019-12-02 15:17:56'),
	(32, 'АО "ЭСК" (Первый ОФД)', '2019-12-17 15:29:48', '2019-12-17 15:29:48'),
	(33, 'ООО "СОФТ МАСТЕР"', '2019-12-17 15:33:27', '2019-12-17 15:33:27'),
	(34, 'ООО "Новософт развитие"', '2020-01-16 10:07:43', '2020-01-16 10:07:43');
/*!40000 ALTER TABLE `suppliers` ENABLE KEYS */;

-- Дамп структуры для таблица poll_db.tvsources
DROP TABLE IF EXISTS `tvsources`;
CREATE TABLE IF NOT EXISTS `tvsources` (
  `id` int(10) unsigned NOT NULL AUTO_INCREMENT,
  `name` varchar(80) COLLATE utf8mb4_unicode_ci NOT NULL,
  `created_at` timestamp NOT NULL,
  `updated_at` timestamp NOT NULL DEFAULT CURRENT_TIMESTAMP ON UPDATE CURRENT_TIMESTAMP,
  PRIMARY KEY (`id`)
) ENGINE=InnoDB AUTO_INCREMENT=7 DEFAULT CHARSET=utf8mb4 COLLATE=utf8mb4_unicode_ci;

-- Дамп данных таблицы poll_db.tvsources: ~6 rows (приблизительно)
DELETE FROM `tvsources`;
/*!40000 ALTER TABLE `tvsources` DISABLE KEYS */;
INSERT INTO `tvsources` (`id`, `name`, `created_at`, `updated_at`) VALUES
	(1, 'Рен ТВ', '2020-01-27 10:38:19', '2020-01-27 10:38:19'),
	(2, 'ТВ Центр', '2020-01-27 10:38:31', '2020-01-27 10:38:31'),
	(3, 'Россия 1', '2020-01-27 10:38:44', '2020-01-27 10:38:44'),
	(4, 'Евроньюс', '2020-01-27 10:38:57', '2020-01-27 10:38:57'),
	(5, 'Не помню', '2020-01-27 10:39:08', '2020-01-27 10:39:08'),
	(6, 'Другое (свой вариант)', '2020-01-27 10:39:22', '2020-01-27 10:39:22');
/*!40000 ALTER TABLE `tvsources` ENABLE KEYS */;

-- Дамп структуры для таблица poll_db.unit_groups
DROP TABLE IF EXISTS `unit_groups`;
CREATE TABLE IF NOT EXISTS `unit_groups` (
  `id` int(10) unsigned NOT NULL AUTO_INCREMENT,
  `name` varchar(100) COLLATE utf8mb4_unicode_ci NOT NULL,
  `created_at` timestamp NOT NULL,
  `updated_at` timestamp NOT NULL DEFAULT CURRENT_TIMESTAMP ON UPDATE CURRENT_TIMESTAMP,
  PRIMARY KEY (`id`)
) ENGINE=InnoDB AUTO_INCREMENT=3 DEFAULT CHARSET=utf8mb4 COLLATE=utf8mb4_unicode_ci;

-- Дамп данных таблицы poll_db.unit_groups: ~2 rows (приблизительно)
DELETE FROM `unit_groups`;
/*!40000 ALTER TABLE `unit_groups` DISABLE KEYS */;
INSERT INTO `unit_groups` (`id`, `name`, `created_at`, `updated_at`) VALUES
	(1, 'Выставка МС', '2020-01-26 11:43:19', '2020-01-26 11:43:19'),
	(2, 'Склад', '2020-01-26 11:43:37', '2020-01-26 11:53:01');
/*!40000 ALTER TABLE `unit_groups` ENABLE KEYS */;

-- Дамп структуры для таблица poll_db.users
DROP TABLE IF EXISTS `users`;
CREATE TABLE IF NOT EXISTS `users` (
  `id` int(10) unsigned NOT NULL AUTO_INCREMENT,
  `active` tinyint(1) NOT NULL DEFAULT '0',
  `login` varchar(50) COLLATE utf8mb4_unicode_ci NOT NULL,
  `sex` varchar(50) COLLATE utf8mb4_unicode_ci NOT NULL DEFAULT 'male',
  `image` varchar(100) COLLATE utf8mb4_unicode_ci DEFAULT NULL,
  `auth_code` varchar(100) COLLATE utf8mb4_unicode_ci DEFAULT NULL,
  `name` varchar(255) COLLATE utf8mb4_unicode_ci NOT NULL,
  `email` varchar(255) COLLATE utf8mb4_unicode_ci NOT NULL,
  `email_verified_at` timestamp NULL DEFAULT NULL,
  `password` varchar(255) COLLATE utf8mb4_unicode_ci NOT NULL,
  `remember_token` varchar(100) COLLATE utf8mb4_unicode_ci DEFAULT NULL,
  `created_at` timestamp NOT NULL,
  `updated_at` timestamp NOT NULL DEFAULT CURRENT_TIMESTAMP ON UPDATE CURRENT_TIMESTAMP,
  PRIMARY KEY (`id`),
  UNIQUE KEY `users_login_unique` (`login`),
  UNIQUE KEY `users_email_unique` (`email`)
) ENGINE=InnoDB AUTO_INCREMENT=10 DEFAULT CHARSET=utf8mb4 COLLATE=utf8mb4_unicode_ci;

-- Дамп данных таблицы poll_db.users: ~9 rows (приблизительно)
DELETE FROM `users`;
/*!40000 ALTER TABLE `users` DISABLE KEYS */;
INSERT INTO `users` (`id`, `active`, `login`, `sex`, `image`, `auth_code`, `name`, `email`, `email_verified_at`, `password`, `remember_token`, `created_at`, `updated_at`) VALUES
	(1, 1, 'ircut', 'male', '/images/male.png', NULL, 'Рогатнев А.И.', 'rogatnev@m-strana.ru', NULL, '$2y$10$LnedN6zQ3WcWCPtu71AdpuRW8ZsZBR4CsXqAHPIP7WakiTZoZh3YS', NULL, '2020-01-20 17:34:36', '2020-01-23 16:19:01'),
	(2, 1, 'babenko', 'male', '/images/male.png', NULL, 'Бабенко В.А', 'babenko@m-strana.ru', NULL, '$2y$10$ZRd1wZZhdvKz13Wvndlvi.E5Ys3yoeFkayOhC1RpeCMl7HB/M//SW', NULL, '2020-01-23 13:06:32', '2020-01-23 16:19:18'),
	(3, 1, 'borisenko', 'male', '/images/male.png', 'HWaSseqDm1E30db9', 'Борисенко А.В.', 'borisenko@m-strana.ru', NULL, '$2y$10$oeDI/AqcUeCn/VjyFYFwN.eTS1Na5VHmjvQGu6xwr6inoIiNTJdWu', NULL, '2020-01-23 13:22:53', '2020-01-23 13:29:00'),
	(4, 1, 'lenshin', 'male', '/images/male.png', 'quQMtfVoXYDv68Hy', 'Леньшин И.В.', 'oblako@mirkdt.com', NULL, '$2y$10$QU3qxlZHHYU.5ysy1vG/8ueG8ubgDnS5bWBgM/x9c2NH5u8O1XEfa', NULL, '2020-01-23 13:29:37', '2020-01-23 13:40:04'),
	(5, 1, 'konyahin', 'male', '/images/male.png', 'VJymo9xFgAIDMvTi', 'Коняхин Р.А.', 'konyahin@m-strana.ru', NULL, '$2y$10$x1vORRlgEJaMKaLN4vzLcuXIKlMr8zEPToyNxKRan5Dgff/yPhF7i', NULL, '2020-01-23 13:36:36', '2020-01-23 13:40:00'),
	(6, 1, 'pykhov', 'male', '/images/male.png', 'vX4ikaVAYZfBLIyM', 'Пыхов Н.Н.', 'pykhov@m-strana.ru', NULL, '$2y$10$1mU0MqzMowYDko0/GCp5lOAu5jk3bUEtM2vZRfa/CTvubnAOKjqyO', NULL, '2020-01-25 06:41:09', '2020-01-27 08:39:36'),
	(7, 1, 'antipin', 'male', '/images/male.png', 'aJpEXGb4u7ysAncK', 'Антипин А.Д.', 'antipin@m-strana.ru', NULL, '$2y$10$e0GwaY6vbscts4o9xyAxkugJbTAyX2.QyIbZw1b4uwKwhNd93iwTm', NULL, '2020-01-27 08:30:53', '2020-01-27 08:39:43'),
	(8, 1, 'ovsienko', 'male', '/images/male.png', 'FOj4PTYyow8qNA65', 'Овсиенко А.А.', 'ovsienko@m-strana.ru', NULL, '$2y$10$32atyQaKAAvF7e5MWQukuujox7QMPCQQBVbtEsOEpChJSVj/yPtvG', NULL, '2020-01-27 08:33:20', '2020-01-27 08:39:49'),
	(9, 1, 'stadler', 'female', '/images/female.png', 'RmEJagL8tv5nAy3x', 'Стадлер М.С.', 'stadler@m-strana.ru', NULL, '$2y$10$Nd3YWdZtXspI8MVc1UCDV.skiwSIZn84u1ie0MGOGpIljTNpg4ScG', NULL, '2020-01-27 08:38:38', '2020-01-27 08:39:55');
/*!40000 ALTER TABLE `users` ENABLE KEYS */;

/*!40101 SET SQL_MODE=IFNULL(@OLD_SQL_MODE, '') */;
/*!40014 SET FOREIGN_KEY_CHECKS=IF(@OLD_FOREIGN_KEY_CHECKS IS NULL, 1, @OLD_FOREIGN_KEY_CHECKS) */;
/*!40101 SET CHARACTER_SET_CLIENT=@OLD_CHARACTER_SET_CLIENT */;
